id,image_path,label,label_id,dataset,split,source_index,filename
1,data/images/stl10/bird/bird_0001.jpg,bird,1,STL10,train,0,bird_0001.jpg
2,data/images/stl10/dog/dog_0001.jpg,dog,5,STL10,train,1,dog_0001.jpg
3,data/images/stl10/bird/bird_0002.jpg,bird,1,STL10,train,2,bird_0002.jpg
4,data/images/stl10/horse/horse_0001.jpg,horse,6,STL10,train,3,horse_0001.jpg
5,data/images/stl10/cat/cat_0001.jpg,cat,3,STL10,train,4,cat_0001.jpg
6,data/images/stl10/truck/truck_0001.jpg,truck,9,STL10,train,5,truck_0001.jpg
7,data/images/stl10/monkey/monkey_0001.jpg,monkey,7,STL10,train,6,monkey_0001.jpg
8,data/images/stl10/deer/deer_0001.jpg,deer,4,STL10,train,7,deer_0001.jpg
9,data/images/stl10/dog/dog_0002.jpg,dog,5,STL10,train,8,dog_0002.jpg
10,data/images/stl10/ship/ship_0001.jpg,ship,8,STL10,train,9,ship_0001.jpg
11,data/images/stl10/airplane/airplane_0001.jpg,airplane,0,STL10,train,10,airplane_0001.jpg
12,data/images/stl10/horse/horse_0002.jpg,horse,6,STL10,train,11,horse_0002.jpg
13,data/images/stl10/airplane/airplane_0002.jpg,airplane,0,STL10,train,12,airplane_0002.jpg
14,data/images/stl10/ship/ship_0002.jpg,ship,8,STL10,train,13,ship_0002.jpg
15,data/images/stl10/monkey/monkey_0002.jpg,monkey,7,STL10,train,14,monkey_0002.jpg
16,data/images/stl10/horse/horse_0003.jpg,horse,6,STL10,train,15,horse_0003.jpg
17,data/images/stl10/deer/deer_0002.jpg,deer,4,STL10,train,16,deer_0002.jpg
18,data/images/stl10/horse/horse_0004.jpg,horse,6,STL10,train,17,horse_0004.jpg
19,data/images/stl10/car/car_0001.jpg,car,2,STL10,train,18,car_0001.jpg
20,data/images/stl10/car/car_0002.jpg,car,2,STL10,train,19,car_0002.jpg
21,data/images/stl10/bird/bird_0003.jpg,bird,1,STL10,train,20,bird_0003.jpg
22,data/images/stl10/bird/bird_0004.jpg,bird,1,STL10,train,21,bird_0004.jpg
23,data/images/stl10/horse/horse_0005.jpg,horse,6,STL10,train,22,horse_0005.jpg
24,data/images/stl10/car/car_0003.jpg,car,2,STL10,train,23,car_0003.jpg
25,data/images/stl10/bird/bird_0005.jpg,bird,1,STL10,train,24,bird_0005.jpg
26,data/images/stl10/ship/ship_0003.jpg,ship,8,STL10,train,25,ship_0003.jpg
27,data/images/stl10/dog/dog_0003.jpg,dog,5,STL10,train,26,dog_0003.jpg
28,data/images/stl10/bird/bird_0006.jpg,bird,1,STL10,train,27,bird_0006.jpg
29,data/images/stl10/dog/dog_0004.jpg,dog,5,STL10,train,28,dog_0004.jpg
30,data/images/stl10/dog/dog_0005.jpg,dog,5,STL10,train,29,dog_0005.jpg
31,data/images/stl10/airplane/airplane_0003.jpg,airplane,0,STL10,train,30,airplane_0003.jpg
32,data/images/stl10/airplane/airplane_0004.jpg,airplane,0,STL10,train,31,airplane_0004.jpg
33,data/images/stl10/airplane/airplane_0005.jpg,airplane,0,STL10,train,32,airplane_0005.jpg
34,data/images/stl10/bird/bird_0007.jpg,bird,1,STL10,train,33,bird_0007.jpg
35,data/images/stl10/cat/cat_0002.jpg,cat,3,STL10,train,34,cat_0002.jpg
36,data/images/stl10/horse/horse_0006.jpg,horse,6,STL10,train,35,horse_0006.jpg
37,data/images/stl10/monkey/monkey_0003.jpg,monkey,7,STL10,train,36,monkey_0003.jpg
38,data/images/stl10/car/car_0004.jpg,car,2,STL10,train,37,car_0004.jpg
39,data/images/stl10/bird/bird_0008.jpg,bird,1,STL10,train,38,bird_0008.jpg
40,data/images/stl10/cat/cat_0003.jpg,cat,3,STL10,train,39,cat_0003.jpg
41,data/images/stl10/bird/bird_0009.jpg,bird,1,STL10,train,40,bird_0009.jpg
42,data/images/stl10/horse/horse_0007.jpg,horse,6,STL10,train,41,horse_0007.jpg
43,data/images/stl10/bird/bird_0010.jpg,bird,1,STL10,train,42,bird_0010.jpg
44,data/images/stl10/cat/cat_0004.jpg,cat,3,STL10,train,43,cat_0004.jpg
45,data/images/stl10/monkey/monkey_0004.jpg,monkey,7,STL10,train,44,monkey_0004.jpg
46,data/images/stl10/deer/deer_0003.jpg,deer,4,STL10,train,45,deer_0003.jpg
47,data/images/stl10/cat/cat_0005.jpg,cat,3,STL10,train,46,cat_0005.jpg
48,data/images/stl10/airplane/airplane_0006.jpg,airplane,0,STL10,train,47,airplane_0006.jpg
49,data/images/stl10/horse/horse_0008.jpg,horse,6,STL10,train,48,horse_0008.jpg
50,data/images/stl10/monkey/monkey_0005.jpg,monkey,7,STL10,train,49,monkey_0005.jpg
51,data/images/stl10/horse/horse_0009.jpg,horse,6,STL10,train,50,horse_0009.jpg
52,data/images/stl10/dog/dog_0006.jpg,dog,5,STL10,train,51,dog_0006.jpg
53,data/images/stl10/ship/ship_0004.jpg,ship,8,STL10,train,52,ship_0004.jpg
54,data/images/stl10/airplane/airplane_0007.jpg,airplane,0,STL10,train,53,airplane_0007.jpg
55,data/images/stl10/horse/horse_0010.jpg,horse,6,STL10,train,54,horse_0010.jpg
56,data/images/stl10/bird/bird_0011.jpg,bird,1,STL10,train,55,bird_0011.jpg
57,data/images/stl10/cat/cat_0006.jpg,cat,3,STL10,train,56,cat_0006.jpg
58,data/images/stl10/horse/horse_0011.jpg,horse,6,STL10,train,57,horse_0011.jpg
59,data/images/stl10/ship/ship_0005.jpg,ship,8,STL10,train,58,ship_0005.jpg
60,data/images/stl10/car/car_0005.jpg,car,2,STL10,train,59,car_0005.jpg
61,data/images/stl10/car/car_0006.jpg,car,2,STL10,train,60,car_0006.jpg
62,data/images/stl10/truck/truck_0002.jpg,truck,9,STL10,train,61,truck_0002.jpg
63,data/images/stl10/truck/truck_0003.jpg,truck,9,STL10,train,62,truck_0003.jpg
64,data/images/stl10/dog/dog_0007.jpg,dog,5,STL10,train,63,dog_0007.jpg
65,data/images/stl10/bird/bird_0012.jpg,bird,1,STL10,train,64,bird_0012.jpg
66,data/images/stl10/monkey/monkey_0006.jpg,monkey,7,STL10,train,65,monkey_0006.jpg
67,data/images/stl10/ship/ship_0006.jpg,ship,8,STL10,train,66,ship_0006.jpg
68,data/images/stl10/monkey/monkey_0007.jpg,monkey,7,STL10,train,67,monkey_0007.jpg
69,data/images/stl10/ship/ship_0007.jpg,ship,8,STL10,train,68,ship_0007.jpg
70,data/images/stl10/ship/ship_0008.jpg,ship,8,STL10,train,69,ship_0008.jpg
71,data/images/stl10/truck/truck_0004.jpg,truck,9,STL10,train,70,truck_0004.jpg
72,data/images/stl10/airplane/airplane_0008.jpg,airplane,0,STL10,train,71,airplane_0008.jpg
73,data/images/stl10/dog/dog_0008.jpg,dog,5,STL10,train,72,dog_0008.jpg
74,data/images/stl10/airplane/airplane_0009.jpg,airplane,0,STL10,train,73,airplane_0009.jpg
75,data/images/stl10/car/car_0007.jpg,car,2,STL10,train,74,car_0007.jpg
76,data/images/stl10/dog/dog_0009.jpg,dog,5,STL10,train,75,dog_0009.jpg
77,data/images/stl10/dog/dog_0010.jpg,dog,5,STL10,train,76,dog_0010.jpg
78,data/images/stl10/monkey/monkey_0008.jpg,monkey,7,STL10,train,77,monkey_0008.jpg
79,data/images/stl10/ship/ship_0009.jpg,ship,8,STL10,train,78,ship_0009.jpg
80,data/images/stl10/truck/truck_0005.jpg,truck,9,STL10,train,79,truck_0005.jpg
81,data/images/stl10/dog/dog_0011.jpg,dog,5,STL10,train,80,dog_0011.jpg
82,data/images/stl10/airplane/airplane_0010.jpg,airplane,0,STL10,train,81,airplane_0010.jpg
83,data/images/stl10/ship/ship_0010.jpg,ship,8,STL10,train,82,ship_0010.jpg
84,data/images/stl10/cat/cat_0007.jpg,cat,3,STL10,train,83,cat_0007.jpg
85,data/images/stl10/car/car_0008.jpg,car,2,STL10,train,84,car_0008.jpg
86,data/images/stl10/truck/truck_0006.jpg,truck,9,STL10,train,85,truck_0006.jpg
87,data/images/stl10/horse/horse_0012.jpg,horse,6,STL10,train,86,horse_0012.jpg
88,data/images/stl10/dog/dog_0012.jpg,dog,5,STL10,train,87,dog_0012.jpg
89,data/images/stl10/ship/ship_0011.jpg,ship,8,STL10,train,88,ship_0011.jpg
90,data/images/stl10/cat/cat_0008.jpg,cat,3,STL10,train,89,cat_0008.jpg
91,data/images/stl10/monkey/monkey_0009.jpg,monkey,7,STL10,train,90,monkey_0009.jpg
92,data/images/stl10/truck/truck_0007.jpg,truck,9,STL10,train,91,truck_0007.jpg
93,data/images/stl10/horse/horse_0013.jpg,horse,6,STL10,train,92,horse_0013.jpg
94,data/images/stl10/horse/horse_0014.jpg,horse,6,STL10,train,93,horse_0014.jpg
95,data/images/stl10/horse/horse_0015.jpg,horse,6,STL10,train,94,horse_0015.jpg
96,data/images/stl10/bird/bird_0013.jpg,bird,1,STL10,train,95,bird_0013.jpg
97,data/images/stl10/airplane/airplane_0011.jpg,airplane,0,STL10,train,96,airplane_0011.jpg
98,data/images/stl10/dog/dog_0013.jpg,dog,5,STL10,train,97,dog_0013.jpg
99,data/images/stl10/airplane/airplane_0012.jpg,airplane,0,STL10,train,98,airplane_0012.jpg
100,data/images/stl10/dog/dog_0014.jpg,dog,5,STL10,train,99,dog_0014.jpg
101,data/images/stl10/car/car_0009.jpg,car,2,STL10,train,100,car_0009.jpg
102,data/images/stl10/monkey/monkey_0010.jpg,monkey,7,STL10,train,101,monkey_0010.jpg
103,data/images/stl10/bird/bird_0014.jpg,bird,1,STL10,train,102,bird_0014.jpg
104,data/images/stl10/airplane/airplane_0013.jpg,airplane,0,STL10,train,103,airplane_0013.jpg
105,data/images/stl10/airplane/airplane_0014.jpg,airplane,0,STL10,train,104,airplane_0014.jpg
106,data/images/stl10/ship/ship_0012.jpg,ship,8,STL10,train,105,ship_0012.jpg
107,data/images/stl10/airplane/airplane_0015.jpg,airplane,0,STL10,train,106,airplane_0015.jpg
108,data/images/stl10/deer/deer_0004.jpg,deer,4,STL10,train,107,deer_0004.jpg
109,data/images/stl10/car/car_0010.jpg,car,2,STL10,train,108,car_0010.jpg
110,data/images/stl10/deer/deer_0005.jpg,deer,4,STL10,train,109,deer_0005.jpg
111,data/images/stl10/cat/cat_0009.jpg,cat,3,STL10,train,110,cat_0009.jpg
112,data/images/stl10/car/car_0011.jpg,car,2,STL10,train,111,car_0011.jpg
113,data/images/stl10/deer/deer_0006.jpg,deer,4,STL10,train,112,deer_0006.jpg
114,data/images/stl10/dog/dog_0015.jpg,dog,5,STL10,train,113,dog_0015.jpg
115,data/images/stl10/bird/bird_0015.jpg,bird,1,STL10,train,114,bird_0015.jpg
116,data/images/stl10/car/car_0012.jpg,car,2,STL10,train,115,car_0012.jpg
117,data/images/stl10/deer/deer_0007.jpg,deer,4,STL10,train,116,deer_0007.jpg
118,data/images/stl10/deer/deer_0008.jpg,deer,4,STL10,train,117,deer_0008.jpg
119,data/images/stl10/truck/truck_0008.jpg,truck,9,STL10,train,118,truck_0008.jpg
120,data/images/stl10/airplane/airplane_0016.jpg,airplane,0,STL10,train,119,airplane_0016.jpg
121,data/images/stl10/dog/dog_0016.jpg,dog,5,STL10,train,120,dog_0016.jpg
122,data/images/stl10/car/car_0013.jpg,car,2,STL10,train,121,car_0013.jpg
123,data/images/stl10/dog/dog_0017.jpg,dog,5,STL10,train,122,dog_0017.jpg
124,data/images/stl10/monkey/monkey_0011.jpg,monkey,7,STL10,train,123,monkey_0011.jpg
125,data/images/stl10/airplane/airplane_0017.jpg,airplane,0,STL10,train,124,airplane_0017.jpg
126,data/images/stl10/dog/dog_0018.jpg,dog,5,STL10,train,125,dog_0018.jpg
127,data/images/stl10/cat/cat_0010.jpg,cat,3,STL10,train,126,cat_0010.jpg
128,data/images/stl10/cat/cat_0011.jpg,cat,3,STL10,train,127,cat_0011.jpg
129,data/images/stl10/horse/horse_0016.jpg,horse,6,STL10,train,128,horse_0016.jpg
130,data/images/stl10/cat/cat_0012.jpg,cat,3,STL10,train,129,cat_0012.jpg
131,data/images/stl10/horse/horse_0017.jpg,horse,6,STL10,train,130,horse_0017.jpg
132,data/images/stl10/deer/deer_0009.jpg,deer,4,STL10,train,131,deer_0009.jpg
133,data/images/stl10/ship/ship_0013.jpg,ship,8,STL10,train,132,ship_0013.jpg
134,data/images/stl10/cat/cat_0013.jpg,cat,3,STL10,train,133,cat_0013.jpg
135,data/images/stl10/bird/bird_0016.jpg,bird,1,STL10,train,134,bird_0016.jpg
136,data/images/stl10/cat/cat_0014.jpg,cat,3,STL10,train,135,cat_0014.jpg
137,data/images/stl10/monkey/monkey_0012.jpg,monkey,7,STL10,train,136,monkey_0012.jpg
138,data/images/stl10/deer/deer_0010.jpg,deer,4,STL10,train,137,deer_0010.jpg
139,data/images/stl10/horse/horse_0018.jpg,horse,6,STL10,train,138,horse_0018.jpg
140,data/images/stl10/airplane/airplane_0018.jpg,airplane,0,STL10,train,139,airplane_0018.jpg
141,data/images/stl10/truck/truck_0009.jpg,truck,9,STL10,train,140,truck_0009.jpg
142,data/images/stl10/dog/dog_0019.jpg,dog,5,STL10,train,141,dog_0019.jpg
143,data/images/stl10/car/car_0014.jpg,car,2,STL10,train,142,car_0014.jpg
144,data/images/stl10/truck/truck_0010.jpg,truck,9,STL10,train,143,truck_0010.jpg
145,data/images/stl10/car/car_0015.jpg,car,2,STL10,train,144,car_0015.jpg
146,data/images/stl10/ship/ship_0014.jpg,ship,8,STL10,train,145,ship_0014.jpg
147,data/images/stl10/ship/ship_0015.jpg,ship,8,STL10,train,146,ship_0015.jpg
148,data/images/stl10/horse/horse_0019.jpg,horse,6,STL10,train,147,horse_0019.jpg
149,data/images/stl10/bird/bird_0017.jpg,bird,1,STL10,train,148,bird_0017.jpg
150,data/images/stl10/truck/truck_0011.jpg,truck,9,STL10,train,149,truck_0011.jpg
151,data/images/stl10/ship/ship_0016.jpg,ship,8,STL10,train,150,ship_0016.jpg
152,data/images/stl10/car/car_0016.jpg,car,2,STL10,train,151,car_0016.jpg
153,data/images/stl10/airplane/airplane_0019.jpg,airplane,0,STL10,train,152,airplane_0019.jpg
154,data/images/stl10/bird/bird_0018.jpg,bird,1,STL10,train,153,bird_0018.jpg
155,data/images/stl10/car/car_0017.jpg,car,2,STL10,train,154,car_0017.jpg
156,data/images/stl10/monkey/monkey_0013.jpg,monkey,7,STL10,train,155,monkey_0013.jpg
157,data/images/stl10/dog/dog_0020.jpg,dog,5,STL10,train,156,dog_0020.jpg
158,data/images/stl10/monkey/monkey_0014.jpg,monkey,7,STL10,train,157,monkey_0014.jpg
159,data/images/stl10/ship/ship_0017.jpg,ship,8,STL10,train,158,ship_0017.jpg
160,data/images/stl10/monkey/monkey_0015.jpg,monkey,7,STL10,train,159,monkey_0015.jpg
161,data/images/stl10/car/car_0018.jpg,car,2,STL10,train,160,car_0018.jpg
162,data/images/stl10/car/car_0019.jpg,car,2,STL10,train,161,car_0019.jpg
163,data/images/stl10/monkey/monkey_0016.jpg,monkey,7,STL10,train,162,monkey_0016.jpg
164,data/images/stl10/ship/ship_0018.jpg,ship,8,STL10,train,163,ship_0018.jpg
165,data/images/stl10/ship/ship_0019.jpg,ship,8,STL10,train,164,ship_0019.jpg
166,data/images/stl10/truck/truck_0012.jpg,truck,9,STL10,train,165,truck_0012.jpg
167,data/images/stl10/car/car_0020.jpg,car,2,STL10,train,166,car_0020.jpg
168,data/images/stl10/monkey/monkey_0017.jpg,monkey,7,STL10,train,167,monkey_0017.jpg
169,data/images/stl10/deer/deer_0011.jpg,deer,4,STL10,train,168,deer_0011.jpg
170,data/images/stl10/cat/cat_0015.jpg,cat,3,STL10,train,169,cat_0015.jpg
171,data/images/stl10/dog/dog_0021.jpg,dog,5,STL10,train,170,dog_0021.jpg
172,data/images/stl10/horse/horse_0020.jpg,horse,6,STL10,train,171,horse_0020.jpg
173,data/images/stl10/monkey/monkey_0018.jpg,monkey,7,STL10,train,172,monkey_0018.jpg
174,data/images/stl10/bird/bird_0019.jpg,bird,1,STL10,train,173,bird_0019.jpg
175,data/images/stl10/horse/horse_0021.jpg,horse,6,STL10,train,174,horse_0021.jpg
176,data/images/stl10/truck/truck_0013.jpg,truck,9,STL10,train,175,truck_0013.jpg
177,data/images/stl10/bird/bird_0020.jpg,bird,1,STL10,train,176,bird_0020.jpg
178,data/images/stl10/truck/truck_0014.jpg,truck,9,STL10,train,177,truck_0014.jpg
179,data/images/stl10/car/car_0021.jpg,car,2,STL10,train,178,car_0021.jpg
180,data/images/stl10/monkey/monkey_0019.jpg,monkey,7,STL10,train,179,monkey_0019.jpg
181,data/images/stl10/truck/truck_0015.jpg,truck,9,STL10,train,180,truck_0015.jpg
182,data/images/stl10/deer/deer_0012.jpg,deer,4,STL10,train,181,deer_0012.jpg
183,data/images/stl10/bird/bird_0021.jpg,bird,1,STL10,train,182,bird_0021.jpg
184,data/images/stl10/airplane/airplane_0020.jpg,airplane,0,STL10,train,183,airplane_0020.jpg
185,data/images/stl10/deer/deer_0013.jpg,deer,4,STL10,train,184,deer_0013.jpg
186,data/images/stl10/deer/deer_0014.jpg,deer,4,STL10,train,185,deer_0014.jpg
187,data/images/stl10/car/car_0022.jpg,car,2,STL10,train,186,car_0022.jpg
188,data/images/stl10/deer/deer_0015.jpg,deer,4,STL10,train,187,deer_0015.jpg
189,data/images/stl10/deer/deer_0016.jpg,deer,4,STL10,train,188,deer_0016.jpg
190,data/images/stl10/horse/horse_0022.jpg,horse,6,STL10,train,189,horse_0022.jpg
191,data/images/stl10/monkey/monkey_0020.jpg,monkey,7,STL10,train,190,monkey_0020.jpg
192,data/images/stl10/cat/cat_0016.jpg,cat,3,STL10,train,191,cat_0016.jpg
193,data/images/stl10/cat/cat_0017.jpg,cat,3,STL10,train,192,cat_0017.jpg
194,data/images/stl10/bird/bird_0022.jpg,bird,1,STL10,train,193,bird_0022.jpg
195,data/images/stl10/cat/cat_0018.jpg,cat,3,STL10,train,194,cat_0018.jpg
196,data/images/stl10/dog/dog_0022.jpg,dog,5,STL10,train,195,dog_0022.jpg
197,data/images/stl10/deer/deer_0017.jpg,deer,4,STL10,train,196,deer_0017.jpg
198,data/images/stl10/car/car_0023.jpg,car,2,STL10,train,197,car_0023.jpg
199,data/images/stl10/airplane/airplane_0021.jpg,airplane,0,STL10,train,198,airplane_0021.jpg
200,data/images/stl10/monkey/monkey_0021.jpg,monkey,7,STL10,train,199,monkey_0021.jpg
201,data/images/stl10/airplane/airplane_0022.jpg,airplane,0,STL10,train,200,airplane_0022.jpg
202,data/images/stl10/deer/deer_0018.jpg,deer,4,STL10,train,201,deer_0018.jpg
203,data/images/stl10/monkey/monkey_0022.jpg,monkey,7,STL10,train,202,monkey_0022.jpg
204,data/images/stl10/airplane/airplane_0023.jpg,airplane,0,STL10,train,203,airplane_0023.jpg
205,data/images/stl10/monkey/monkey_0023.jpg,monkey,7,STL10,train,204,monkey_0023.jpg
206,data/images/stl10/truck/truck_0016.jpg,truck,9,STL10,train,205,truck_0016.jpg
207,data/images/stl10/airplane/airplane_0024.jpg,airplane,0,STL10,train,206,airplane_0024.jpg
208,data/images/stl10/monkey/monkey_0024.jpg,monkey,7,STL10,train,207,monkey_0024.jpg
209,data/images/stl10/bird/bird_0023.jpg,bird,1,STL10,train,208,bird_0023.jpg
210,data/images/stl10/deer/deer_0019.jpg,deer,4,STL10,train,209,deer_0019.jpg
211,data/images/stl10/car/car_0024.jpg,car,2,STL10,train,210,car_0024.jpg
212,data/images/stl10/monkey/monkey_0025.jpg,monkey,7,STL10,train,211,monkey_0025.jpg
213,data/images/stl10/horse/horse_0023.jpg,horse,6,STL10,train,212,horse_0023.jpg
214,data/images/stl10/ship/ship_0020.jpg,ship,8,STL10,train,213,ship_0020.jpg
215,data/images/stl10/dog/dog_0023.jpg,dog,5,STL10,train,214,dog_0023.jpg
216,data/images/stl10/dog/dog_0024.jpg,dog,5,STL10,train,215,dog_0024.jpg
217,data/images/stl10/car/car_0025.jpg,car,2,STL10,train,216,car_0025.jpg
218,data/images/stl10/horse/horse_0024.jpg,horse,6,STL10,train,217,horse_0024.jpg
219,data/images/stl10/truck/truck_0017.jpg,truck,9,STL10,train,218,truck_0017.jpg
220,data/images/stl10/monkey/monkey_0026.jpg,monkey,7,STL10,train,219,monkey_0026.jpg
221,data/images/stl10/dog/dog_0025.jpg,dog,5,STL10,train,220,dog_0025.jpg
222,data/images/stl10/dog/dog_0026.jpg,dog,5,STL10,train,221,dog_0026.jpg
223,data/images/stl10/truck/truck_0018.jpg,truck,9,STL10,train,222,truck_0018.jpg
224,data/images/stl10/bird/bird_0024.jpg,bird,1,STL10,train,223,bird_0024.jpg
225,data/images/stl10/deer/deer_0020.jpg,deer,4,STL10,train,224,deer_0020.jpg
226,data/images/stl10/ship/ship_0021.jpg,ship,8,STL10,train,225,ship_0021.jpg
227,data/images/stl10/ship/ship_0022.jpg,ship,8,STL10,train,226,ship_0022.jpg
228,data/images/stl10/dog/dog_0027.jpg,dog,5,STL10,train,227,dog_0027.jpg
229,data/images/stl10/dog/dog_0028.jpg,dog,5,STL10,train,228,dog_0028.jpg
230,data/images/stl10/horse/horse_0025.jpg,horse,6,STL10,train,229,horse_0025.jpg
231,data/images/stl10/truck/truck_0019.jpg,truck,9,STL10,train,230,truck_0019.jpg
232,data/images/stl10/cat/cat_0019.jpg,cat,3,STL10,train,231,cat_0019.jpg
233,data/images/stl10/deer/deer_0021.jpg,deer,4,STL10,train,232,deer_0021.jpg
234,data/images/stl10/deer/deer_0022.jpg,deer,4,STL10,train,233,deer_0022.jpg
235,data/images/stl10/car/car_0026.jpg,car,2,STL10,train,234,car_0026.jpg
236,data/images/stl10/dog/dog_0029.jpg,dog,5,STL10,train,235,dog_0029.jpg
237,data/images/stl10/airplane/airplane_0025.jpg,airplane,0,STL10,train,236,airplane_0025.jpg
238,data/images/stl10/deer/deer_0023.jpg,deer,4,STL10,train,237,deer_0023.jpg
239,data/images/stl10/horse/horse_0026.jpg,horse,6,STL10,train,238,horse_0026.jpg
240,data/images/stl10/bird/bird_0025.jpg,bird,1,STL10,train,239,bird_0025.jpg
241,data/images/stl10/monkey/monkey_0027.jpg,monkey,7,STL10,train,240,monkey_0027.jpg
242,data/images/stl10/airplane/airplane_0026.jpg,airplane,0,STL10,train,241,airplane_0026.jpg
243,data/images/stl10/cat/cat_0020.jpg,cat,3,STL10,train,242,cat_0020.jpg
244,data/images/stl10/ship/ship_0023.jpg,ship,8,STL10,train,243,ship_0023.jpg
245,data/images/stl10/bird/bird_0026.jpg,bird,1,STL10,train,244,bird_0026.jpg
246,data/images/stl10/car/car_0027.jpg,car,2,STL10,train,245,car_0027.jpg
247,data/images/stl10/airplane/airplane_0027.jpg,airplane,0,STL10,train,246,airplane_0027.jpg
248,data/images/stl10/ship/ship_0024.jpg,ship,8,STL10,train,247,ship_0024.jpg
249,data/images/stl10/dog/dog_0030.jpg,dog,5,STL10,train,248,dog_0030.jpg
250,data/images/stl10/bird/bird_0027.jpg,bird,1,STL10,train,249,bird_0027.jpg
251,data/images/stl10/monkey/monkey_0028.jpg,monkey,7,STL10,train,250,monkey_0028.jpg
252,data/images/stl10/deer/deer_0024.jpg,deer,4,STL10,train,251,deer_0024.jpg
253,data/images/stl10/truck/truck_0020.jpg,truck,9,STL10,train,252,truck_0020.jpg
254,data/images/stl10/truck/truck_0021.jpg,truck,9,STL10,train,253,truck_0021.jpg
255,data/images/stl10/deer/deer_0025.jpg,deer,4,STL10,train,254,deer_0025.jpg
256,data/images/stl10/bird/bird_0028.jpg,bird,1,STL10,train,255,bird_0028.jpg
257,data/images/stl10/bird/bird_0029.jpg,bird,1,STL10,train,256,bird_0029.jpg
258,data/images/stl10/airplane/airplane_0028.jpg,airplane,0,STL10,train,257,airplane_0028.jpg
259,data/images/stl10/deer/deer_0026.jpg,deer,4,STL10,train,258,deer_0026.jpg
260,data/images/stl10/car/car_0028.jpg,car,2,STL10,train,259,car_0028.jpg
261,data/images/stl10/ship/ship_0025.jpg,ship,8,STL10,train,260,ship_0025.jpg
262,data/images/stl10/truck/truck_0022.jpg,truck,9,STL10,train,261,truck_0022.jpg
263,data/images/stl10/airplane/airplane_0029.jpg,airplane,0,STL10,train,262,airplane_0029.jpg
264,data/images/stl10/monkey/monkey_0029.jpg,monkey,7,STL10,train,263,monkey_0029.jpg
265,data/images/stl10/horse/horse_0027.jpg,horse,6,STL10,train,264,horse_0027.jpg
266,data/images/stl10/deer/deer_0027.jpg,deer,4,STL10,train,265,deer_0027.jpg
267,data/images/stl10/ship/ship_0026.jpg,ship,8,STL10,train,266,ship_0026.jpg
268,data/images/stl10/ship/ship_0027.jpg,ship,8,STL10,train,267,ship_0027.jpg
269,data/images/stl10/monkey/monkey_0030.jpg,monkey,7,STL10,train,268,monkey_0030.jpg
270,data/images/stl10/deer/deer_0028.jpg,deer,4,STL10,train,269,deer_0028.jpg
271,data/images/stl10/dog/dog_0031.jpg,dog,5,STL10,train,270,dog_0031.jpg
272,data/images/stl10/horse/horse_0028.jpg,horse,6,STL10,train,271,horse_0028.jpg
273,data/images/stl10/deer/deer_0029.jpg,deer,4,STL10,train,272,deer_0029.jpg
274,data/images/stl10/ship/ship_0028.jpg,ship,8,STL10,train,273,ship_0028.jpg
275,data/images/stl10/ship/ship_0029.jpg,ship,8,STL10,train,274,ship_0029.jpg
276,data/images/stl10/horse/horse_0029.jpg,horse,6,STL10,train,275,horse_0029.jpg
277,data/images/stl10/dog/dog_0032.jpg,dog,5,STL10,train,276,dog_0032.jpg
278,data/images/stl10/bird/bird_0030.jpg,bird,1,STL10,train,277,bird_0030.jpg
279,data/images/stl10/deer/deer_0030.jpg,deer,4,STL10,train,278,deer_0030.jpg
280,data/images/stl10/monkey/monkey_0031.jpg,monkey,7,STL10,train,279,monkey_0031.jpg
281,data/images/stl10/cat/cat_0021.jpg,cat,3,STL10,train,280,cat_0021.jpg
282,data/images/stl10/bird/bird_0031.jpg,bird,1,STL10,train,281,bird_0031.jpg
283,data/images/stl10/monkey/monkey_0032.jpg,monkey,7,STL10,train,282,monkey_0032.jpg
284,data/images/stl10/monkey/monkey_0033.jpg,monkey,7,STL10,train,283,monkey_0033.jpg
285,data/images/stl10/deer/deer_0031.jpg,deer,4,STL10,train,284,deer_0031.jpg
286,data/images/stl10/monkey/monkey_0034.jpg,monkey,7,STL10,train,285,monkey_0034.jpg
287,data/images/stl10/car/car_0029.jpg,car,2,STL10,train,286,car_0029.jpg
288,data/images/stl10/car/car_0030.jpg,car,2,STL10,train,287,car_0030.jpg
289,data/images/stl10/deer/deer_0032.jpg,deer,4,STL10,train,288,deer_0032.jpg
290,data/images/stl10/bird/bird_0032.jpg,bird,1,STL10,train,289,bird_0032.jpg
291,data/images/stl10/cat/cat_0022.jpg,cat,3,STL10,train,290,cat_0022.jpg
292,data/images/stl10/horse/horse_0030.jpg,horse,6,STL10,train,291,horse_0030.jpg
293,data/images/stl10/bird/bird_0033.jpg,bird,1,STL10,train,292,bird_0033.jpg
294,data/images/stl10/deer/deer_0033.jpg,deer,4,STL10,train,293,deer_0033.jpg
295,data/images/stl10/horse/horse_0031.jpg,horse,6,STL10,train,294,horse_0031.jpg
296,data/images/stl10/monkey/monkey_0035.jpg,monkey,7,STL10,train,295,monkey_0035.jpg
297,data/images/stl10/airplane/airplane_0030.jpg,airplane,0,STL10,train,296,airplane_0030.jpg
298,data/images/stl10/deer/deer_0034.jpg,deer,4,STL10,train,297,deer_0034.jpg
299,data/images/stl10/dog/dog_0033.jpg,dog,5,STL10,train,298,dog_0033.jpg
300,data/images/stl10/ship/ship_0030.jpg,ship,8,STL10,train,299,ship_0030.jpg
301,data/images/stl10/airplane/airplane_0031.jpg,airplane,0,STL10,train,300,airplane_0031.jpg
302,data/images/stl10/car/car_0031.jpg,car,2,STL10,train,301,car_0031.jpg
303,data/images/stl10/cat/cat_0023.jpg,cat,3,STL10,train,302,cat_0023.jpg
304,data/images/stl10/car/car_0032.jpg,car,2,STL10,train,303,car_0032.jpg
305,data/images/stl10/car/car_0033.jpg,car,2,STL10,train,304,car_0033.jpg
306,data/images/stl10/dog/dog_0034.jpg,dog,5,STL10,train,305,dog_0034.jpg
307,data/images/stl10/truck/truck_0023.jpg,truck,9,STL10,train,306,truck_0023.jpg
308,data/images/stl10/car/car_0034.jpg,car,2,STL10,train,307,car_0034.jpg
309,data/images/stl10/horse/horse_0032.jpg,horse,6,STL10,train,308,horse_0032.jpg
310,data/images/stl10/cat/cat_0024.jpg,cat,3,STL10,train,309,cat_0024.jpg
311,data/images/stl10/bird/bird_0034.jpg,bird,1,STL10,train,310,bird_0034.jpg
312,data/images/stl10/ship/ship_0031.jpg,ship,8,STL10,train,311,ship_0031.jpg
313,data/images/stl10/monkey/monkey_0036.jpg,monkey,7,STL10,train,312,monkey_0036.jpg
314,data/images/stl10/dog/dog_0035.jpg,dog,5,STL10,train,313,dog_0035.jpg
315,data/images/stl10/ship/ship_0032.jpg,ship,8,STL10,train,314,ship_0032.jpg
316,data/images/stl10/dog/dog_0036.jpg,dog,5,STL10,train,315,dog_0036.jpg
317,data/images/stl10/dog/dog_0037.jpg,dog,5,STL10,train,316,dog_0037.jpg
318,data/images/stl10/dog/dog_0038.jpg,dog,5,STL10,train,317,dog_0038.jpg
319,data/images/stl10/horse/horse_0033.jpg,horse,6,STL10,train,318,horse_0033.jpg
320,data/images/stl10/truck/truck_0024.jpg,truck,9,STL10,train,319,truck_0024.jpg
321,data/images/stl10/ship/ship_0033.jpg,ship,8,STL10,train,320,ship_0033.jpg
322,data/images/stl10/bird/bird_0035.jpg,bird,1,STL10,train,321,bird_0035.jpg
323,data/images/stl10/dog/dog_0039.jpg,dog,5,STL10,train,322,dog_0039.jpg
324,data/images/stl10/deer/deer_0035.jpg,deer,4,STL10,train,323,deer_0035.jpg
325,data/images/stl10/airplane/airplane_0032.jpg,airplane,0,STL10,train,324,airplane_0032.jpg
326,data/images/stl10/cat/cat_0025.jpg,cat,3,STL10,train,325,cat_0025.jpg
327,data/images/stl10/cat/cat_0026.jpg,cat,3,STL10,train,326,cat_0026.jpg
328,data/images/stl10/cat/cat_0027.jpg,cat,3,STL10,train,327,cat_0027.jpg
329,data/images/stl10/airplane/airplane_0033.jpg,airplane,0,STL10,train,328,airplane_0033.jpg
330,data/images/stl10/dog/dog_0040.jpg,dog,5,STL10,train,329,dog_0040.jpg
331,data/images/stl10/airplane/airplane_0034.jpg,airplane,0,STL10,train,330,airplane_0034.jpg
332,data/images/stl10/truck/truck_0025.jpg,truck,9,STL10,train,331,truck_0025.jpg
333,data/images/stl10/car/car_0035.jpg,car,2,STL10,train,332,car_0035.jpg
334,data/images/stl10/airplane/airplane_0035.jpg,airplane,0,STL10,train,333,airplane_0035.jpg
335,data/images/stl10/horse/horse_0034.jpg,horse,6,STL10,train,334,horse_0034.jpg
336,data/images/stl10/bird/bird_0036.jpg,bird,1,STL10,train,335,bird_0036.jpg
337,data/images/stl10/car/car_0036.jpg,car,2,STL10,train,336,car_0036.jpg
338,data/images/stl10/deer/deer_0036.jpg,deer,4,STL10,train,337,deer_0036.jpg
339,data/images/stl10/monkey/monkey_0037.jpg,monkey,7,STL10,train,338,monkey_0037.jpg
340,data/images/stl10/bird/bird_0037.jpg,bird,1,STL10,train,339,bird_0037.jpg
341,data/images/stl10/airplane/airplane_0036.jpg,airplane,0,STL10,train,340,airplane_0036.jpg
342,data/images/stl10/ship/ship_0034.jpg,ship,8,STL10,train,341,ship_0034.jpg
343,data/images/stl10/ship/ship_0035.jpg,ship,8,STL10,train,342,ship_0035.jpg
344,data/images/stl10/airplane/airplane_0037.jpg,airplane,0,STL10,train,343,airplane_0037.jpg
345,data/images/stl10/airplane/airplane_0038.jpg,airplane,0,STL10,train,344,airplane_0038.jpg
346,data/images/stl10/cat/cat_0028.jpg,cat,3,STL10,train,345,cat_0028.jpg
347,data/images/stl10/ship/ship_0036.jpg,ship,8,STL10,train,346,ship_0036.jpg
348,data/images/stl10/cat/cat_0029.jpg,cat,3,STL10,train,347,cat_0029.jpg
349,data/images/stl10/airplane/airplane_0039.jpg,airplane,0,STL10,train,348,airplane_0039.jpg
350,data/images/stl10/cat/cat_0030.jpg,cat,3,STL10,train,349,cat_0030.jpg
351,data/images/stl10/ship/ship_0037.jpg,ship,8,STL10,train,350,ship_0037.jpg
352,data/images/stl10/car/car_0037.jpg,car,2,STL10,train,351,car_0037.jpg
353,data/images/stl10/horse/horse_0035.jpg,horse,6,STL10,train,352,horse_0035.jpg
354,data/images/stl10/monkey/monkey_0038.jpg,monkey,7,STL10,train,353,monkey_0038.jpg
355,data/images/stl10/airplane/airplane_0040.jpg,airplane,0,STL10,train,354,airplane_0040.jpg
356,data/images/stl10/ship/ship_0038.jpg,ship,8,STL10,train,355,ship_0038.jpg
357,data/images/stl10/ship/ship_0039.jpg,ship,8,STL10,train,356,ship_0039.jpg
358,data/images/stl10/horse/horse_0036.jpg,horse,6,STL10,train,357,horse_0036.jpg
359,data/images/stl10/horse/horse_0037.jpg,horse,6,STL10,train,358,horse_0037.jpg
360,data/images/stl10/deer/deer_0037.jpg,deer,4,STL10,train,359,deer_0037.jpg
361,data/images/stl10/horse/horse_0038.jpg,horse,6,STL10,train,360,horse_0038.jpg
362,data/images/stl10/truck/truck_0026.jpg,truck,9,STL10,train,361,truck_0026.jpg
363,data/images/stl10/deer/deer_0038.jpg,deer,4,STL10,train,362,deer_0038.jpg
364,data/images/stl10/monkey/monkey_0039.jpg,monkey,7,STL10,train,363,monkey_0039.jpg
365,data/images/stl10/ship/ship_0040.jpg,ship,8,STL10,train,364,ship_0040.jpg
366,data/images/stl10/dog/dog_0041.jpg,dog,5,STL10,train,365,dog_0041.jpg
367,data/images/stl10/dog/dog_0042.jpg,dog,5,STL10,train,366,dog_0042.jpg
368,data/images/stl10/monkey/monkey_0040.jpg,monkey,7,STL10,train,367,monkey_0040.jpg
369,data/images/stl10/airplane/airplane_0041.jpg,airplane,0,STL10,train,368,airplane_0041.jpg
370,data/images/stl10/bird/bird_0038.jpg,bird,1,STL10,train,369,bird_0038.jpg
371,data/images/stl10/ship/ship_0041.jpg,ship,8,STL10,train,370,ship_0041.jpg
372,data/images/stl10/ship/ship_0042.jpg,ship,8,STL10,train,371,ship_0042.jpg
373,data/images/stl10/bird/bird_0039.jpg,bird,1,STL10,train,372,bird_0039.jpg
374,data/images/stl10/bird/bird_0040.jpg,bird,1,STL10,train,373,bird_0040.jpg
375,data/images/stl10/car/car_0038.jpg,car,2,STL10,train,374,car_0038.jpg
376,data/images/stl10/ship/ship_0043.jpg,ship,8,STL10,train,375,ship_0043.jpg
377,data/images/stl10/deer/deer_0039.jpg,deer,4,STL10,train,376,deer_0039.jpg
378,data/images/stl10/cat/cat_0031.jpg,cat,3,STL10,train,377,cat_0031.jpg
379,data/images/stl10/dog/dog_0043.jpg,dog,5,STL10,train,378,dog_0043.jpg
380,data/images/stl10/monkey/monkey_0041.jpg,monkey,7,STL10,train,379,monkey_0041.jpg
381,data/images/stl10/bird/bird_0041.jpg,bird,1,STL10,train,380,bird_0041.jpg
382,data/images/stl10/truck/truck_0027.jpg,truck,9,STL10,train,381,truck_0027.jpg
383,data/images/stl10/deer/deer_0040.jpg,deer,4,STL10,train,382,deer_0040.jpg
384,data/images/stl10/dog/dog_0044.jpg,dog,5,STL10,train,383,dog_0044.jpg
385,data/images/stl10/bird/bird_0042.jpg,bird,1,STL10,train,384,bird_0042.jpg
386,data/images/stl10/horse/horse_0039.jpg,horse,6,STL10,train,385,horse_0039.jpg
387,data/images/stl10/horse/horse_0040.jpg,horse,6,STL10,train,386,horse_0040.jpg
388,data/images/stl10/horse/horse_0041.jpg,horse,6,STL10,train,387,horse_0041.jpg
389,data/images/stl10/deer/deer_0041.jpg,deer,4,STL10,train,388,deer_0041.jpg
390,data/images/stl10/monkey/monkey_0042.jpg,monkey,7,STL10,train,389,monkey_0042.jpg
391,data/images/stl10/horse/horse_0042.jpg,horse,6,STL10,train,390,horse_0042.jpg
392,data/images/stl10/airplane/airplane_0042.jpg,airplane,0,STL10,train,391,airplane_0042.jpg
393,data/images/stl10/ship/ship_0044.jpg,ship,8,STL10,train,392,ship_0044.jpg
394,data/images/stl10/dog/dog_0045.jpg,dog,5,STL10,train,393,dog_0045.jpg
395,data/images/stl10/deer/deer_0042.jpg,deer,4,STL10,train,394,deer_0042.jpg
396,data/images/stl10/ship/ship_0045.jpg,ship,8,STL10,train,395,ship_0045.jpg
397,data/images/stl10/truck/truck_0028.jpg,truck,9,STL10,train,396,truck_0028.jpg
398,data/images/stl10/airplane/airplane_0043.jpg,airplane,0,STL10,train,397,airplane_0043.jpg
399,data/images/stl10/car/car_0039.jpg,car,2,STL10,train,398,car_0039.jpg
400,data/images/stl10/horse/horse_0043.jpg,horse,6,STL10,train,399,horse_0043.jpg
401,data/images/stl10/car/car_0040.jpg,car,2,STL10,train,400,car_0040.jpg
402,data/images/stl10/monkey/monkey_0043.jpg,monkey,7,STL10,train,401,monkey_0043.jpg
403,data/images/stl10/deer/deer_0043.jpg,deer,4,STL10,train,402,deer_0043.jpg
404,data/images/stl10/truck/truck_0029.jpg,truck,9,STL10,train,403,truck_0029.jpg
405,data/images/stl10/monkey/monkey_0044.jpg,monkey,7,STL10,train,404,monkey_0044.jpg
406,data/images/stl10/horse/horse_0044.jpg,horse,6,STL10,train,405,horse_0044.jpg
407,data/images/stl10/cat/cat_0032.jpg,cat,3,STL10,train,406,cat_0032.jpg
408,data/images/stl10/dog/dog_0046.jpg,dog,5,STL10,train,407,dog_0046.jpg
409,data/images/stl10/airplane/airplane_0044.jpg,airplane,0,STL10,train,408,airplane_0044.jpg
410,data/images/stl10/dog/dog_0047.jpg,dog,5,STL10,train,409,dog_0047.jpg
411,data/images/stl10/deer/deer_0044.jpg,deer,4,STL10,train,410,deer_0044.jpg
412,data/images/stl10/monkey/monkey_0045.jpg,monkey,7,STL10,train,411,monkey_0045.jpg
413,data/images/stl10/airplane/airplane_0045.jpg,airplane,0,STL10,train,412,airplane_0045.jpg
414,data/images/stl10/monkey/monkey_0046.jpg,monkey,7,STL10,train,413,monkey_0046.jpg
415,data/images/stl10/truck/truck_0030.jpg,truck,9,STL10,train,414,truck_0030.jpg
416,data/images/stl10/horse/horse_0045.jpg,horse,6,STL10,train,415,horse_0045.jpg
417,data/images/stl10/bird/bird_0043.jpg,bird,1,STL10,train,416,bird_0043.jpg
418,data/images/stl10/ship/ship_0046.jpg,ship,8,STL10,train,417,ship_0046.jpg
419,data/images/stl10/car/car_0041.jpg,car,2,STL10,train,418,car_0041.jpg
420,data/images/stl10/car/car_0042.jpg,car,2,STL10,train,419,car_0042.jpg
421,data/images/stl10/car/car_0043.jpg,car,2,STL10,train,420,car_0043.jpg
422,data/images/stl10/bird/bird_0044.jpg,bird,1,STL10,train,421,bird_0044.jpg
423,data/images/stl10/airplane/airplane_0046.jpg,airplane,0,STL10,train,422,airplane_0046.jpg
424,data/images/stl10/truck/truck_0031.jpg,truck,9,STL10,train,423,truck_0031.jpg
425,data/images/stl10/dog/dog_0048.jpg,dog,5,STL10,train,424,dog_0048.jpg
426,data/images/stl10/bird/bird_0045.jpg,bird,1,STL10,train,425,bird_0045.jpg
427,data/images/stl10/truck/truck_0032.jpg,truck,9,STL10,train,426,truck_0032.jpg
428,data/images/stl10/car/car_0044.jpg,car,2,STL10,train,427,car_0044.jpg
429,data/images/stl10/monkey/monkey_0047.jpg,monkey,7,STL10,train,428,monkey_0047.jpg
430,data/images/stl10/car/car_0045.jpg,car,2,STL10,train,429,car_0045.jpg
431,data/images/stl10/airplane/airplane_0047.jpg,airplane,0,STL10,train,430,airplane_0047.jpg
432,data/images/stl10/truck/truck_0033.jpg,truck,9,STL10,train,431,truck_0033.jpg
433,data/images/stl10/bird/bird_0046.jpg,bird,1,STL10,train,432,bird_0046.jpg
434,data/images/stl10/horse/horse_0046.jpg,horse,6,STL10,train,433,horse_0046.jpg
435,data/images/stl10/deer/deer_0045.jpg,deer,4,STL10,train,434,deer_0045.jpg
436,data/images/stl10/dog/dog_0049.jpg,dog,5,STL10,train,435,dog_0049.jpg
437,data/images/stl10/dog/dog_0050.jpg,dog,5,STL10,train,436,dog_0050.jpg
438,data/images/stl10/airplane/airplane_0048.jpg,airplane,0,STL10,train,437,airplane_0048.jpg
439,data/images/stl10/horse/horse_0047.jpg,horse,6,STL10,train,438,horse_0047.jpg
440,data/images/stl10/car/car_0046.jpg,car,2,STL10,train,439,car_0046.jpg
441,data/images/stl10/monkey/monkey_0048.jpg,monkey,7,STL10,train,440,monkey_0048.jpg
442,data/images/stl10/car/car_0047.jpg,car,2,STL10,train,441,car_0047.jpg
443,data/images/stl10/cat/cat_0033.jpg,cat,3,STL10,train,442,cat_0033.jpg
444,data/images/stl10/car/car_0048.jpg,car,2,STL10,train,443,car_0048.jpg
445,data/images/stl10/airplane/airplane_0049.jpg,airplane,0,STL10,train,444,airplane_0049.jpg
446,data/images/stl10/dog/dog_0051.jpg,dog,5,STL10,train,445,dog_0051.jpg
447,data/images/stl10/ship/ship_0047.jpg,ship,8,STL10,train,446,ship_0047.jpg
448,data/images/stl10/monkey/monkey_0049.jpg,monkey,7,STL10,train,447,monkey_0049.jpg
449,data/images/stl10/ship/ship_0048.jpg,ship,8,STL10,train,448,ship_0048.jpg
450,data/images/stl10/ship/ship_0049.jpg,ship,8,STL10,train,449,ship_0049.jpg
451,data/images/stl10/dog/dog_0052.jpg,dog,5,STL10,train,450,dog_0052.jpg
452,data/images/stl10/dog/dog_0053.jpg,dog,5,STL10,train,451,dog_0053.jpg
453,data/images/stl10/dog/dog_0054.jpg,dog,5,STL10,train,452,dog_0054.jpg
454,data/images/stl10/ship/ship_0050.jpg,ship,8,STL10,train,453,ship_0050.jpg
455,data/images/stl10/monkey/monkey_0050.jpg,monkey,7,STL10,train,454,monkey_0050.jpg
456,data/images/stl10/cat/cat_0034.jpg,cat,3,STL10,train,455,cat_0034.jpg
457,data/images/stl10/truck/truck_0034.jpg,truck,9,STL10,train,456,truck_0034.jpg
458,data/images/stl10/bird/bird_0047.jpg,bird,1,STL10,train,457,bird_0047.jpg
459,data/images/stl10/truck/truck_0035.jpg,truck,9,STL10,train,458,truck_0035.jpg
460,data/images/stl10/bird/bird_0048.jpg,bird,1,STL10,train,459,bird_0048.jpg
461,data/images/stl10/airplane/airplane_0050.jpg,airplane,0,STL10,train,460,airplane_0050.jpg
462,data/images/stl10/horse/horse_0048.jpg,horse,6,STL10,train,461,horse_0048.jpg
463,data/images/stl10/cat/cat_0035.jpg,cat,3,STL10,train,462,cat_0035.jpg
464,data/images/stl10/horse/horse_0049.jpg,horse,6,STL10,train,463,horse_0049.jpg
465,data/images/stl10/bird/bird_0049.jpg,bird,1,STL10,train,464,bird_0049.jpg
466,data/images/stl10/horse/horse_0050.jpg,horse,6,STL10,train,465,horse_0050.jpg
467,data/images/stl10/airplane/airplane_0051.jpg,airplane,0,STL10,train,466,airplane_0051.jpg
468,data/images/stl10/dog/dog_0055.jpg,dog,5,STL10,train,467,dog_0055.jpg
469,data/images/stl10/car/car_0049.jpg,car,2,STL10,train,468,car_0049.jpg
470,data/images/stl10/monkey/monkey_0051.jpg,monkey,7,STL10,train,469,monkey_0051.jpg
471,data/images/stl10/monkey/monkey_0052.jpg,monkey,7,STL10,train,470,monkey_0052.jpg
472,data/images/stl10/bird/bird_0050.jpg,bird,1,STL10,train,471,bird_0050.jpg
473,data/images/stl10/ship/ship_0051.jpg,ship,8,STL10,train,472,ship_0051.jpg
474,data/images/stl10/horse/horse_0051.jpg,horse,6,STL10,train,473,horse_0051.jpg
475,data/images/stl10/monkey/monkey_0053.jpg,monkey,7,STL10,train,474,monkey_0053.jpg
476,data/images/stl10/horse/horse_0052.jpg,horse,6,STL10,train,475,horse_0052.jpg
477,data/images/stl10/cat/cat_0036.jpg,cat,3,STL10,train,476,cat_0036.jpg
478,data/images/stl10/monkey/monkey_0054.jpg,monkey,7,STL10,train,477,monkey_0054.jpg
479,data/images/stl10/airplane/airplane_0052.jpg,airplane,0,STL10,train,478,airplane_0052.jpg
480,data/images/stl10/truck/truck_0036.jpg,truck,9,STL10,train,479,truck_0036.jpg
481,data/images/stl10/bird/bird_0051.jpg,bird,1,STL10,train,480,bird_0051.jpg
482,data/images/stl10/ship/ship_0052.jpg,ship,8,STL10,train,481,ship_0052.jpg
483,data/images/stl10/dog/dog_0056.jpg,dog,5,STL10,train,482,dog_0056.jpg
484,data/images/stl10/ship/ship_0053.jpg,ship,8,STL10,train,483,ship_0053.jpg
485,data/images/stl10/ship/ship_0054.jpg,ship,8,STL10,train,484,ship_0054.jpg
486,data/images/stl10/truck/truck_0037.jpg,truck,9,STL10,train,485,truck_0037.jpg
487,data/images/stl10/deer/deer_0046.jpg,deer,4,STL10,train,486,deer_0046.jpg
488,data/images/stl10/airplane/airplane_0053.jpg,airplane,0,STL10,train,487,airplane_0053.jpg
489,data/images/stl10/truck/truck_0038.jpg,truck,9,STL10,train,488,truck_0038.jpg
490,data/images/stl10/bird/bird_0052.jpg,bird,1,STL10,train,489,bird_0052.jpg
491,data/images/stl10/dog/dog_0057.jpg,dog,5,STL10,train,490,dog_0057.jpg
492,data/images/stl10/car/car_0050.jpg,car,2,STL10,train,491,car_0050.jpg
493,data/images/stl10/deer/deer_0047.jpg,deer,4,STL10,train,492,deer_0047.jpg
494,data/images/stl10/cat/cat_0037.jpg,cat,3,STL10,train,493,cat_0037.jpg
495,data/images/stl10/monkey/monkey_0055.jpg,monkey,7,STL10,train,494,monkey_0055.jpg
496,data/images/stl10/dog/dog_0058.jpg,dog,5,STL10,train,495,dog_0058.jpg
497,data/images/stl10/bird/bird_0053.jpg,bird,1,STL10,train,496,bird_0053.jpg
498,data/images/stl10/horse/horse_0053.jpg,horse,6,STL10,train,497,horse_0053.jpg
499,data/images/stl10/car/car_0051.jpg,car,2,STL10,train,498,car_0051.jpg
500,data/images/stl10/deer/deer_0048.jpg,deer,4,STL10,train,499,deer_0048.jpg
501,data/images/stl10/dog/dog_0059.jpg,dog,5,STL10,train,500,dog_0059.jpg
502,data/images/stl10/ship/ship_0055.jpg,ship,8,STL10,train,501,ship_0055.jpg
503,data/images/stl10/car/car_0052.jpg,car,2,STL10,train,502,car_0052.jpg
504,data/images/stl10/car/car_0053.jpg,car,2,STL10,train,503,car_0053.jpg
505,data/images/stl10/truck/truck_0039.jpg,truck,9,STL10,train,504,truck_0039.jpg
506,data/images/stl10/cat/cat_0038.jpg,cat,3,STL10,train,505,cat_0038.jpg
507,data/images/stl10/cat/cat_0039.jpg,cat,3,STL10,train,506,cat_0039.jpg
508,data/images/stl10/monkey/monkey_0056.jpg,monkey,7,STL10,train,507,monkey_0056.jpg
509,data/images/stl10/dog/dog_0060.jpg,dog,5,STL10,train,508,dog_0060.jpg
510,data/images/stl10/car/car_0054.jpg,car,2,STL10,train,509,car_0054.jpg
511,data/images/stl10/cat/cat_0040.jpg,cat,3,STL10,train,510,cat_0040.jpg
512,data/images/stl10/ship/ship_0056.jpg,ship,8,STL10,train,511,ship_0056.jpg
513,data/images/stl10/car/car_0055.jpg,car,2,STL10,train,512,car_0055.jpg
514,data/images/stl10/car/car_0056.jpg,car,2,STL10,train,513,car_0056.jpg
515,data/images/stl10/truck/truck_0040.jpg,truck,9,STL10,train,514,truck_0040.jpg
516,data/images/stl10/truck/truck_0041.jpg,truck,9,STL10,train,515,truck_0041.jpg
517,data/images/stl10/airplane/airplane_0054.jpg,airplane,0,STL10,train,516,airplane_0054.jpg
518,data/images/stl10/cat/cat_0041.jpg,cat,3,STL10,train,517,cat_0041.jpg
519,data/images/stl10/truck/truck_0042.jpg,truck,9,STL10,train,518,truck_0042.jpg
520,data/images/stl10/truck/truck_0043.jpg,truck,9,STL10,train,519,truck_0043.jpg
521,data/images/stl10/dog/dog_0061.jpg,dog,5,STL10,train,520,dog_0061.jpg
522,data/images/stl10/car/car_0057.jpg,car,2,STL10,train,521,car_0057.jpg
523,data/images/stl10/airplane/airplane_0055.jpg,airplane,0,STL10,train,522,airplane_0055.jpg
524,data/images/stl10/dog/dog_0062.jpg,dog,5,STL10,train,523,dog_0062.jpg
525,data/images/stl10/bird/bird_0054.jpg,bird,1,STL10,train,524,bird_0054.jpg
526,data/images/stl10/truck/truck_0044.jpg,truck,9,STL10,train,525,truck_0044.jpg
527,data/images/stl10/dog/dog_0063.jpg,dog,5,STL10,train,526,dog_0063.jpg
528,data/images/stl10/cat/cat_0042.jpg,cat,3,STL10,train,527,cat_0042.jpg
529,data/images/stl10/horse/horse_0054.jpg,horse,6,STL10,train,528,horse_0054.jpg
530,data/images/stl10/cat/cat_0043.jpg,cat,3,STL10,train,529,cat_0043.jpg
531,data/images/stl10/ship/ship_0057.jpg,ship,8,STL10,train,530,ship_0057.jpg
532,data/images/stl10/bird/bird_0055.jpg,bird,1,STL10,train,531,bird_0055.jpg
533,data/images/stl10/cat/cat_0044.jpg,cat,3,STL10,train,532,cat_0044.jpg
534,data/images/stl10/ship/ship_0058.jpg,ship,8,STL10,train,533,ship_0058.jpg
535,data/images/stl10/deer/deer_0049.jpg,deer,4,STL10,train,534,deer_0049.jpg
536,data/images/stl10/dog/dog_0064.jpg,dog,5,STL10,train,535,dog_0064.jpg
537,data/images/stl10/ship/ship_0059.jpg,ship,8,STL10,train,536,ship_0059.jpg
538,data/images/stl10/ship/ship_0060.jpg,ship,8,STL10,train,537,ship_0060.jpg
539,data/images/stl10/horse/horse_0055.jpg,horse,6,STL10,train,538,horse_0055.jpg
540,data/images/stl10/truck/truck_0045.jpg,truck,9,STL10,train,539,truck_0045.jpg
541,data/images/stl10/monkey/monkey_0057.jpg,monkey,7,STL10,train,540,monkey_0057.jpg
542,data/images/stl10/bird/bird_0056.jpg,bird,1,STL10,train,541,bird_0056.jpg
543,data/images/stl10/truck/truck_0046.jpg,truck,9,STL10,train,542,truck_0046.jpg
544,data/images/stl10/car/car_0058.jpg,car,2,STL10,train,543,car_0058.jpg
545,data/images/stl10/deer/deer_0050.jpg,deer,4,STL10,train,544,deer_0050.jpg
546,data/images/stl10/bird/bird_0057.jpg,bird,1,STL10,train,545,bird_0057.jpg
547,data/images/stl10/bird/bird_0058.jpg,bird,1,STL10,train,546,bird_0058.jpg
548,data/images/stl10/horse/horse_0056.jpg,horse,6,STL10,train,547,horse_0056.jpg
549,data/images/stl10/car/car_0059.jpg,car,2,STL10,train,548,car_0059.jpg
550,data/images/stl10/horse/horse_0057.jpg,horse,6,STL10,train,549,horse_0057.jpg
551,data/images/stl10/monkey/monkey_0058.jpg,monkey,7,STL10,train,550,monkey_0058.jpg
552,data/images/stl10/horse/horse_0058.jpg,horse,6,STL10,train,551,horse_0058.jpg
553,data/images/stl10/monkey/monkey_0059.jpg,monkey,7,STL10,train,552,monkey_0059.jpg
554,data/images/stl10/airplane/airplane_0056.jpg,airplane,0,STL10,train,553,airplane_0056.jpg
555,data/images/stl10/bird/bird_0059.jpg,bird,1,STL10,train,554,bird_0059.jpg
556,data/images/stl10/bird/bird_0060.jpg,bird,1,STL10,train,555,bird_0060.jpg
557,data/images/stl10/deer/deer_0051.jpg,deer,4,STL10,train,556,deer_0051.jpg
558,data/images/stl10/bird/bird_0061.jpg,bird,1,STL10,train,557,bird_0061.jpg
559,data/images/stl10/airplane/airplane_0057.jpg,airplane,0,STL10,train,558,airplane_0057.jpg
560,data/images/stl10/truck/truck_0047.jpg,truck,9,STL10,train,559,truck_0047.jpg
561,data/images/stl10/ship/ship_0061.jpg,ship,8,STL10,train,560,ship_0061.jpg
562,data/images/stl10/monkey/monkey_0060.jpg,monkey,7,STL10,train,561,monkey_0060.jpg
563,data/images/stl10/airplane/airplane_0058.jpg,airplane,0,STL10,train,562,airplane_0058.jpg
564,data/images/stl10/car/car_0060.jpg,car,2,STL10,train,563,car_0060.jpg
565,data/images/stl10/car/car_0061.jpg,car,2,STL10,train,564,car_0061.jpg
566,data/images/stl10/truck/truck_0048.jpg,truck,9,STL10,train,565,truck_0048.jpg
567,data/images/stl10/monkey/monkey_0061.jpg,monkey,7,STL10,train,566,monkey_0061.jpg
568,data/images/stl10/bird/bird_0062.jpg,bird,1,STL10,train,567,bird_0062.jpg
569,data/images/stl10/bird/bird_0063.jpg,bird,1,STL10,train,568,bird_0063.jpg
570,data/images/stl10/dog/dog_0065.jpg,dog,5,STL10,train,569,dog_0065.jpg
571,data/images/stl10/horse/horse_0059.jpg,horse,6,STL10,train,570,horse_0059.jpg
572,data/images/stl10/truck/truck_0049.jpg,truck,9,STL10,train,571,truck_0049.jpg
573,data/images/stl10/dog/dog_0066.jpg,dog,5,STL10,train,572,dog_0066.jpg
574,data/images/stl10/truck/truck_0050.jpg,truck,9,STL10,train,573,truck_0050.jpg
575,data/images/stl10/airplane/airplane_0059.jpg,airplane,0,STL10,train,574,airplane_0059.jpg
576,data/images/stl10/truck/truck_0051.jpg,truck,9,STL10,train,575,truck_0051.jpg
577,data/images/stl10/car/car_0062.jpg,car,2,STL10,train,576,car_0062.jpg
578,data/images/stl10/airplane/airplane_0060.jpg,airplane,0,STL10,train,577,airplane_0060.jpg
579,data/images/stl10/deer/deer_0052.jpg,deer,4,STL10,train,578,deer_0052.jpg
580,data/images/stl10/airplane/airplane_0061.jpg,airplane,0,STL10,train,579,airplane_0061.jpg
581,data/images/stl10/dog/dog_0067.jpg,dog,5,STL10,train,580,dog_0067.jpg
582,data/images/stl10/car/car_0063.jpg,car,2,STL10,train,581,car_0063.jpg
583,data/images/stl10/monkey/monkey_0062.jpg,monkey,7,STL10,train,582,monkey_0062.jpg
584,data/images/stl10/cat/cat_0045.jpg,cat,3,STL10,train,583,cat_0045.jpg
585,data/images/stl10/cat/cat_0046.jpg,cat,3,STL10,train,584,cat_0046.jpg
586,data/images/stl10/airplane/airplane_0062.jpg,airplane,0,STL10,train,585,airplane_0062.jpg
587,data/images/stl10/ship/ship_0062.jpg,ship,8,STL10,train,586,ship_0062.jpg
588,data/images/stl10/ship/ship_0063.jpg,ship,8,STL10,train,587,ship_0063.jpg
589,data/images/stl10/cat/cat_0047.jpg,cat,3,STL10,train,588,cat_0047.jpg
590,data/images/stl10/horse/horse_0060.jpg,horse,6,STL10,train,589,horse_0060.jpg
591,data/images/stl10/airplane/airplane_0063.jpg,airplane,0,STL10,train,590,airplane_0063.jpg
592,data/images/stl10/car/car_0064.jpg,car,2,STL10,train,591,car_0064.jpg
593,data/images/stl10/airplane/airplane_0064.jpg,airplane,0,STL10,train,592,airplane_0064.jpg
594,data/images/stl10/monkey/monkey_0063.jpg,monkey,7,STL10,train,593,monkey_0063.jpg
595,data/images/stl10/cat/cat_0048.jpg,cat,3,STL10,train,594,cat_0048.jpg
596,data/images/stl10/car/car_0065.jpg,car,2,STL10,train,595,car_0065.jpg
597,data/images/stl10/bird/bird_0064.jpg,bird,1,STL10,train,596,bird_0064.jpg
598,data/images/stl10/cat/cat_0049.jpg,cat,3,STL10,train,597,cat_0049.jpg
599,data/images/stl10/car/car_0066.jpg,car,2,STL10,train,598,car_0066.jpg
600,data/images/stl10/cat/cat_0050.jpg,cat,3,STL10,train,599,cat_0050.jpg
601,data/images/stl10/ship/ship_0064.jpg,ship,8,STL10,train,600,ship_0064.jpg
602,data/images/stl10/dog/dog_0068.jpg,dog,5,STL10,train,601,dog_0068.jpg
603,data/images/stl10/horse/horse_0061.jpg,horse,6,STL10,train,602,horse_0061.jpg
604,data/images/stl10/horse/horse_0062.jpg,horse,6,STL10,train,603,horse_0062.jpg
605,data/images/stl10/dog/dog_0069.jpg,dog,5,STL10,train,604,dog_0069.jpg
606,data/images/stl10/horse/horse_0063.jpg,horse,6,STL10,train,605,horse_0063.jpg
607,data/images/stl10/airplane/airplane_0065.jpg,airplane,0,STL10,train,606,airplane_0065.jpg
608,data/images/stl10/ship/ship_0065.jpg,ship,8,STL10,train,607,ship_0065.jpg
609,data/images/stl10/deer/deer_0053.jpg,deer,4,STL10,train,608,deer_0053.jpg
610,data/images/stl10/truck/truck_0052.jpg,truck,9,STL10,train,609,truck_0052.jpg
611,data/images/stl10/car/car_0067.jpg,car,2,STL10,train,610,car_0067.jpg
612,data/images/stl10/ship/ship_0066.jpg,ship,8,STL10,train,611,ship_0066.jpg
613,data/images/stl10/truck/truck_0053.jpg,truck,9,STL10,train,612,truck_0053.jpg
614,data/images/stl10/truck/truck_0054.jpg,truck,9,STL10,train,613,truck_0054.jpg
615,data/images/stl10/bird/bird_0065.jpg,bird,1,STL10,train,614,bird_0065.jpg
616,data/images/stl10/airplane/airplane_0066.jpg,airplane,0,STL10,train,615,airplane_0066.jpg
617,data/images/stl10/bird/bird_0066.jpg,bird,1,STL10,train,616,bird_0066.jpg
618,data/images/stl10/dog/dog_0070.jpg,dog,5,STL10,train,617,dog_0070.jpg
619,data/images/stl10/dog/dog_0071.jpg,dog,5,STL10,train,618,dog_0071.jpg
620,data/images/stl10/deer/deer_0054.jpg,deer,4,STL10,train,619,deer_0054.jpg
621,data/images/stl10/deer/deer_0055.jpg,deer,4,STL10,train,620,deer_0055.jpg
622,data/images/stl10/cat/cat_0051.jpg,cat,3,STL10,train,621,cat_0051.jpg
623,data/images/stl10/airplane/airplane_0067.jpg,airplane,0,STL10,train,622,airplane_0067.jpg
624,data/images/stl10/deer/deer_0056.jpg,deer,4,STL10,train,623,deer_0056.jpg
625,data/images/stl10/dog/dog_0072.jpg,dog,5,STL10,train,624,dog_0072.jpg
626,data/images/stl10/horse/horse_0064.jpg,horse,6,STL10,train,625,horse_0064.jpg
627,data/images/stl10/deer/deer_0057.jpg,deer,4,STL10,train,626,deer_0057.jpg
628,data/images/stl10/car/car_0068.jpg,car,2,STL10,train,627,car_0068.jpg
629,data/images/stl10/bird/bird_0067.jpg,bird,1,STL10,train,628,bird_0067.jpg
630,data/images/stl10/car/car_0069.jpg,car,2,STL10,train,629,car_0069.jpg
631,data/images/stl10/truck/truck_0055.jpg,truck,9,STL10,train,630,truck_0055.jpg
632,data/images/stl10/airplane/airplane_0068.jpg,airplane,0,STL10,train,631,airplane_0068.jpg
633,data/images/stl10/horse/horse_0065.jpg,horse,6,STL10,train,632,horse_0065.jpg
634,data/images/stl10/monkey/monkey_0064.jpg,monkey,7,STL10,train,633,monkey_0064.jpg
635,data/images/stl10/monkey/monkey_0065.jpg,monkey,7,STL10,train,634,monkey_0065.jpg
636,data/images/stl10/dog/dog_0073.jpg,dog,5,STL10,train,635,dog_0073.jpg
637,data/images/stl10/bird/bird_0068.jpg,bird,1,STL10,train,636,bird_0068.jpg
638,data/images/stl10/car/car_0070.jpg,car,2,STL10,train,637,car_0070.jpg
639,data/images/stl10/cat/cat_0052.jpg,cat,3,STL10,train,638,cat_0052.jpg
640,data/images/stl10/horse/horse_0066.jpg,horse,6,STL10,train,639,horse_0066.jpg
641,data/images/stl10/bird/bird_0069.jpg,bird,1,STL10,train,640,bird_0069.jpg
642,data/images/stl10/bird/bird_0070.jpg,bird,1,STL10,train,641,bird_0070.jpg
643,data/images/stl10/horse/horse_0067.jpg,horse,6,STL10,train,642,horse_0067.jpg
644,data/images/stl10/airplane/airplane_0069.jpg,airplane,0,STL10,train,643,airplane_0069.jpg
645,data/images/stl10/truck/truck_0056.jpg,truck,9,STL10,train,644,truck_0056.jpg
646,data/images/stl10/deer/deer_0058.jpg,deer,4,STL10,train,645,deer_0058.jpg
647,data/images/stl10/airplane/airplane_0070.jpg,airplane,0,STL10,train,646,airplane_0070.jpg
648,data/images/stl10/truck/truck_0057.jpg,truck,9,STL10,train,647,truck_0057.jpg
649,data/images/stl10/car/car_0071.jpg,car,2,STL10,train,648,car_0071.jpg
650,data/images/stl10/bird/bird_0071.jpg,bird,1,STL10,train,649,bird_0071.jpg
651,data/images/stl10/bird/bird_0072.jpg,bird,1,STL10,train,650,bird_0072.jpg
652,data/images/stl10/airplane/airplane_0071.jpg,airplane,0,STL10,train,651,airplane_0071.jpg
653,data/images/stl10/ship/ship_0067.jpg,ship,8,STL10,train,652,ship_0067.jpg
654,data/images/stl10/horse/horse_0068.jpg,horse,6,STL10,train,653,horse_0068.jpg
655,data/images/stl10/truck/truck_0058.jpg,truck,9,STL10,train,654,truck_0058.jpg
656,data/images/stl10/dog/dog_0074.jpg,dog,5,STL10,train,655,dog_0074.jpg
657,data/images/stl10/bird/bird_0073.jpg,bird,1,STL10,train,656,bird_0073.jpg
658,data/images/stl10/cat/cat_0053.jpg,cat,3,STL10,train,657,cat_0053.jpg
659,data/images/stl10/deer/deer_0059.jpg,deer,4,STL10,train,658,deer_0059.jpg
660,data/images/stl10/deer/deer_0060.jpg,deer,4,STL10,train,659,deer_0060.jpg
661,data/images/stl10/truck/truck_0059.jpg,truck,9,STL10,train,660,truck_0059.jpg
662,data/images/stl10/bird/bird_0074.jpg,bird,1,STL10,train,661,bird_0074.jpg
663,data/images/stl10/truck/truck_0060.jpg,truck,9,STL10,train,662,truck_0060.jpg
664,data/images/stl10/cat/cat_0054.jpg,cat,3,STL10,train,663,cat_0054.jpg
665,data/images/stl10/bird/bird_0075.jpg,bird,1,STL10,train,664,bird_0075.jpg
666,data/images/stl10/cat/cat_0055.jpg,cat,3,STL10,train,665,cat_0055.jpg
667,data/images/stl10/ship/ship_0068.jpg,ship,8,STL10,train,666,ship_0068.jpg
668,data/images/stl10/car/car_0072.jpg,car,2,STL10,train,667,car_0072.jpg
669,data/images/stl10/truck/truck_0061.jpg,truck,9,STL10,train,668,truck_0061.jpg
670,data/images/stl10/dog/dog_0075.jpg,dog,5,STL10,train,669,dog_0075.jpg
671,data/images/stl10/cat/cat_0056.jpg,cat,3,STL10,train,670,cat_0056.jpg
672,data/images/stl10/ship/ship_0069.jpg,ship,8,STL10,train,671,ship_0069.jpg
673,data/images/stl10/monkey/monkey_0066.jpg,monkey,7,STL10,train,672,monkey_0066.jpg
674,data/images/stl10/car/car_0073.jpg,car,2,STL10,train,673,car_0073.jpg
675,data/images/stl10/ship/ship_0070.jpg,ship,8,STL10,train,674,ship_0070.jpg
676,data/images/stl10/car/car_0074.jpg,car,2,STL10,train,675,car_0074.jpg
677,data/images/stl10/airplane/airplane_0072.jpg,airplane,0,STL10,train,676,airplane_0072.jpg
678,data/images/stl10/horse/horse_0069.jpg,horse,6,STL10,train,677,horse_0069.jpg
679,data/images/stl10/horse/horse_0070.jpg,horse,6,STL10,train,678,horse_0070.jpg
680,data/images/stl10/cat/cat_0057.jpg,cat,3,STL10,train,679,cat_0057.jpg
681,data/images/stl10/deer/deer_0061.jpg,deer,4,STL10,train,680,deer_0061.jpg
682,data/images/stl10/bird/bird_0076.jpg,bird,1,STL10,train,681,bird_0076.jpg
683,data/images/stl10/car/car_0075.jpg,car,2,STL10,train,682,car_0075.jpg
684,data/images/stl10/monkey/monkey_0067.jpg,monkey,7,STL10,train,683,monkey_0067.jpg
685,data/images/stl10/cat/cat_0058.jpg,cat,3,STL10,train,684,cat_0058.jpg
686,data/images/stl10/monkey/monkey_0068.jpg,monkey,7,STL10,train,685,monkey_0068.jpg
687,data/images/stl10/airplane/airplane_0073.jpg,airplane,0,STL10,train,686,airplane_0073.jpg
688,data/images/stl10/car/car_0076.jpg,car,2,STL10,train,687,car_0076.jpg
689,data/images/stl10/truck/truck_0062.jpg,truck,9,STL10,train,688,truck_0062.jpg
690,data/images/stl10/airplane/airplane_0074.jpg,airplane,0,STL10,train,689,airplane_0074.jpg
691,data/images/stl10/dog/dog_0076.jpg,dog,5,STL10,train,690,dog_0076.jpg
692,data/images/stl10/dog/dog_0077.jpg,dog,5,STL10,train,691,dog_0077.jpg
693,data/images/stl10/horse/horse_0071.jpg,horse,6,STL10,train,692,horse_0071.jpg
694,data/images/stl10/ship/ship_0071.jpg,ship,8,STL10,train,693,ship_0071.jpg
695,data/images/stl10/airplane/airplane_0075.jpg,airplane,0,STL10,train,694,airplane_0075.jpg
696,data/images/stl10/airplane/airplane_0076.jpg,airplane,0,STL10,train,695,airplane_0076.jpg
697,data/images/stl10/bird/bird_0077.jpg,bird,1,STL10,train,696,bird_0077.jpg
698,data/images/stl10/bird/bird_0078.jpg,bird,1,STL10,train,697,bird_0078.jpg
699,data/images/stl10/monkey/monkey_0069.jpg,monkey,7,STL10,train,698,monkey_0069.jpg
700,data/images/stl10/deer/deer_0062.jpg,deer,4,STL10,train,699,deer_0062.jpg
701,data/images/stl10/truck/truck_0063.jpg,truck,9,STL10,train,700,truck_0063.jpg
702,data/images/stl10/horse/horse_0072.jpg,horse,6,STL10,train,701,horse_0072.jpg
703,data/images/stl10/monkey/monkey_0070.jpg,monkey,7,STL10,train,702,monkey_0070.jpg
704,data/images/stl10/deer/deer_0063.jpg,deer,4,STL10,train,703,deer_0063.jpg
705,data/images/stl10/truck/truck_0064.jpg,truck,9,STL10,train,704,truck_0064.jpg
706,data/images/stl10/truck/truck_0065.jpg,truck,9,STL10,train,705,truck_0065.jpg
707,data/images/stl10/car/car_0077.jpg,car,2,STL10,train,706,car_0077.jpg
708,data/images/stl10/monkey/monkey_0071.jpg,monkey,7,STL10,train,707,monkey_0071.jpg
709,data/images/stl10/airplane/airplane_0077.jpg,airplane,0,STL10,train,708,airplane_0077.jpg
710,data/images/stl10/dog/dog_0078.jpg,dog,5,STL10,train,709,dog_0078.jpg
711,data/images/stl10/deer/deer_0064.jpg,deer,4,STL10,train,710,deer_0064.jpg
712,data/images/stl10/airplane/airplane_0078.jpg,airplane,0,STL10,train,711,airplane_0078.jpg
713,data/images/stl10/car/car_0078.jpg,car,2,STL10,train,712,car_0078.jpg
714,data/images/stl10/monkey/monkey_0072.jpg,monkey,7,STL10,train,713,monkey_0072.jpg
715,data/images/stl10/truck/truck_0066.jpg,truck,9,STL10,train,714,truck_0066.jpg
716,data/images/stl10/dog/dog_0079.jpg,dog,5,STL10,train,715,dog_0079.jpg
717,data/images/stl10/deer/deer_0065.jpg,deer,4,STL10,train,716,deer_0065.jpg
718,data/images/stl10/deer/deer_0066.jpg,deer,4,STL10,train,717,deer_0066.jpg
719,data/images/stl10/ship/ship_0072.jpg,ship,8,STL10,train,718,ship_0072.jpg
720,data/images/stl10/airplane/airplane_0079.jpg,airplane,0,STL10,train,719,airplane_0079.jpg
721,data/images/stl10/dog/dog_0080.jpg,dog,5,STL10,train,720,dog_0080.jpg
722,data/images/stl10/horse/horse_0073.jpg,horse,6,STL10,train,721,horse_0073.jpg
723,data/images/stl10/deer/deer_0067.jpg,deer,4,STL10,train,722,deer_0067.jpg
724,data/images/stl10/ship/ship_0073.jpg,ship,8,STL10,train,723,ship_0073.jpg
725,data/images/stl10/bird/bird_0079.jpg,bird,1,STL10,train,724,bird_0079.jpg
726,data/images/stl10/car/car_0079.jpg,car,2,STL10,train,725,car_0079.jpg
727,data/images/stl10/airplane/airplane_0080.jpg,airplane,0,STL10,train,726,airplane_0080.jpg
728,data/images/stl10/truck/truck_0067.jpg,truck,9,STL10,train,727,truck_0067.jpg
729,data/images/stl10/cat/cat_0059.jpg,cat,3,STL10,train,728,cat_0059.jpg
730,data/images/stl10/bird/bird_0080.jpg,bird,1,STL10,train,729,bird_0080.jpg
731,data/images/stl10/airplane/airplane_0081.jpg,airplane,0,STL10,train,730,airplane_0081.jpg
732,data/images/stl10/ship/ship_0074.jpg,ship,8,STL10,train,731,ship_0074.jpg
733,data/images/stl10/car/car_0080.jpg,car,2,STL10,train,732,car_0080.jpg
734,data/images/stl10/airplane/airplane_0082.jpg,airplane,0,STL10,train,733,airplane_0082.jpg
735,data/images/stl10/monkey/monkey_0073.jpg,monkey,7,STL10,train,734,monkey_0073.jpg
736,data/images/stl10/deer/deer_0068.jpg,deer,4,STL10,train,735,deer_0068.jpg
737,data/images/stl10/airplane/airplane_0083.jpg,airplane,0,STL10,train,736,airplane_0083.jpg
738,data/images/stl10/deer/deer_0069.jpg,deer,4,STL10,train,737,deer_0069.jpg
739,data/images/stl10/horse/horse_0074.jpg,horse,6,STL10,train,738,horse_0074.jpg
740,data/images/stl10/cat/cat_0060.jpg,cat,3,STL10,train,739,cat_0060.jpg
741,data/images/stl10/airplane/airplane_0084.jpg,airplane,0,STL10,train,740,airplane_0084.jpg
742,data/images/stl10/cat/cat_0061.jpg,cat,3,STL10,train,741,cat_0061.jpg
743,data/images/stl10/deer/deer_0070.jpg,deer,4,STL10,train,742,deer_0070.jpg
744,data/images/stl10/horse/horse_0075.jpg,horse,6,STL10,train,743,horse_0075.jpg
745,data/images/stl10/airplane/airplane_0085.jpg,airplane,0,STL10,train,744,airplane_0085.jpg
746,data/images/stl10/monkey/monkey_0074.jpg,monkey,7,STL10,train,745,monkey_0074.jpg
747,data/images/stl10/dog/dog_0081.jpg,dog,5,STL10,train,746,dog_0081.jpg
748,data/images/stl10/dog/dog_0082.jpg,dog,5,STL10,train,747,dog_0082.jpg
749,data/images/stl10/airplane/airplane_0086.jpg,airplane,0,STL10,train,748,airplane_0086.jpg
750,data/images/stl10/dog/dog_0083.jpg,dog,5,STL10,train,749,dog_0083.jpg
751,data/images/stl10/car/car_0081.jpg,car,2,STL10,train,750,car_0081.jpg
752,data/images/stl10/ship/ship_0075.jpg,ship,8,STL10,train,751,ship_0075.jpg
753,data/images/stl10/horse/horse_0076.jpg,horse,6,STL10,train,752,horse_0076.jpg
754,data/images/stl10/bird/bird_0081.jpg,bird,1,STL10,train,753,bird_0081.jpg
755,data/images/stl10/ship/ship_0076.jpg,ship,8,STL10,train,754,ship_0076.jpg
756,data/images/stl10/dog/dog_0084.jpg,dog,5,STL10,train,755,dog_0084.jpg
757,data/images/stl10/monkey/monkey_0075.jpg,monkey,7,STL10,train,756,monkey_0075.jpg
758,data/images/stl10/cat/cat_0062.jpg,cat,3,STL10,train,757,cat_0062.jpg
759,data/images/stl10/bird/bird_0082.jpg,bird,1,STL10,train,758,bird_0082.jpg
760,data/images/stl10/cat/cat_0063.jpg,cat,3,STL10,train,759,cat_0063.jpg
761,data/images/stl10/truck/truck_0068.jpg,truck,9,STL10,train,760,truck_0068.jpg
762,data/images/stl10/horse/horse_0077.jpg,horse,6,STL10,train,761,horse_0077.jpg
763,data/images/stl10/bird/bird_0083.jpg,bird,1,STL10,train,762,bird_0083.jpg
764,data/images/stl10/monkey/monkey_0076.jpg,monkey,7,STL10,train,763,monkey_0076.jpg
765,data/images/stl10/monkey/monkey_0077.jpg,monkey,7,STL10,train,764,monkey_0077.jpg
766,data/images/stl10/deer/deer_0071.jpg,deer,4,STL10,train,765,deer_0071.jpg
767,data/images/stl10/bird/bird_0084.jpg,bird,1,STL10,train,766,bird_0084.jpg
768,data/images/stl10/car/car_0082.jpg,car,2,STL10,train,767,car_0082.jpg
769,data/images/stl10/airplane/airplane_0087.jpg,airplane,0,STL10,train,768,airplane_0087.jpg
770,data/images/stl10/monkey/monkey_0078.jpg,monkey,7,STL10,train,769,monkey_0078.jpg
771,data/images/stl10/car/car_0083.jpg,car,2,STL10,train,770,car_0083.jpg
772,data/images/stl10/monkey/monkey_0079.jpg,monkey,7,STL10,train,771,monkey_0079.jpg
773,data/images/stl10/car/car_0084.jpg,car,2,STL10,train,772,car_0084.jpg
774,data/images/stl10/monkey/monkey_0080.jpg,monkey,7,STL10,train,773,monkey_0080.jpg
775,data/images/stl10/monkey/monkey_0081.jpg,monkey,7,STL10,train,774,monkey_0081.jpg
776,data/images/stl10/dog/dog_0085.jpg,dog,5,STL10,train,775,dog_0085.jpg
777,data/images/stl10/bird/bird_0085.jpg,bird,1,STL10,train,776,bird_0085.jpg
778,data/images/stl10/cat/cat_0064.jpg,cat,3,STL10,train,777,cat_0064.jpg
779,data/images/stl10/truck/truck_0069.jpg,truck,9,STL10,train,778,truck_0069.jpg
780,data/images/stl10/airplane/airplane_0088.jpg,airplane,0,STL10,train,779,airplane_0088.jpg
781,data/images/stl10/bird/bird_0086.jpg,bird,1,STL10,train,780,bird_0086.jpg
782,data/images/stl10/airplane/airplane_0089.jpg,airplane,0,STL10,train,781,airplane_0089.jpg
783,data/images/stl10/monkey/monkey_0082.jpg,monkey,7,STL10,train,782,monkey_0082.jpg
784,data/images/stl10/cat/cat_0065.jpg,cat,3,STL10,train,783,cat_0065.jpg
785,data/images/stl10/truck/truck_0070.jpg,truck,9,STL10,train,784,truck_0070.jpg
786,data/images/stl10/bird/bird_0087.jpg,bird,1,STL10,train,785,bird_0087.jpg
787,data/images/stl10/car/car_0085.jpg,car,2,STL10,train,786,car_0085.jpg
788,data/images/stl10/car/car_0086.jpg,car,2,STL10,train,787,car_0086.jpg
789,data/images/stl10/deer/deer_0072.jpg,deer,4,STL10,train,788,deer_0072.jpg
790,data/images/stl10/truck/truck_0071.jpg,truck,9,STL10,train,789,truck_0071.jpg
791,data/images/stl10/ship/ship_0077.jpg,ship,8,STL10,train,790,ship_0077.jpg
792,data/images/stl10/truck/truck_0072.jpg,truck,9,STL10,train,791,truck_0072.jpg
793,data/images/stl10/deer/deer_0073.jpg,deer,4,STL10,train,792,deer_0073.jpg
794,data/images/stl10/horse/horse_0078.jpg,horse,6,STL10,train,793,horse_0078.jpg
795,data/images/stl10/cat/cat_0066.jpg,cat,3,STL10,train,794,cat_0066.jpg
796,data/images/stl10/truck/truck_0073.jpg,truck,9,STL10,train,795,truck_0073.jpg
797,data/images/stl10/dog/dog_0086.jpg,dog,5,STL10,train,796,dog_0086.jpg
798,data/images/stl10/deer/deer_0074.jpg,deer,4,STL10,train,797,deer_0074.jpg
799,data/images/stl10/cat/cat_0067.jpg,cat,3,STL10,train,798,cat_0067.jpg
800,data/images/stl10/car/car_0087.jpg,car,2,STL10,train,799,car_0087.jpg
801,data/images/stl10/bird/bird_0088.jpg,bird,1,STL10,train,800,bird_0088.jpg
802,data/images/stl10/monkey/monkey_0083.jpg,monkey,7,STL10,train,801,monkey_0083.jpg
803,data/images/stl10/cat/cat_0068.jpg,cat,3,STL10,train,802,cat_0068.jpg
804,data/images/stl10/car/car_0088.jpg,car,2,STL10,train,803,car_0088.jpg
805,data/images/stl10/cat/cat_0069.jpg,cat,3,STL10,train,804,cat_0069.jpg
806,data/images/stl10/monkey/monkey_0084.jpg,monkey,7,STL10,train,805,monkey_0084.jpg
807,data/images/stl10/bird/bird_0089.jpg,bird,1,STL10,train,806,bird_0089.jpg
808,data/images/stl10/ship/ship_0078.jpg,ship,8,STL10,train,807,ship_0078.jpg
809,data/images/stl10/cat/cat_0070.jpg,cat,3,STL10,train,808,cat_0070.jpg
810,data/images/stl10/truck/truck_0074.jpg,truck,9,STL10,train,809,truck_0074.jpg
811,data/images/stl10/cat/cat_0071.jpg,cat,3,STL10,train,810,cat_0071.jpg
812,data/images/stl10/truck/truck_0075.jpg,truck,9,STL10,train,811,truck_0075.jpg
813,data/images/stl10/ship/ship_0079.jpg,ship,8,STL10,train,812,ship_0079.jpg
814,data/images/stl10/ship/ship_0080.jpg,ship,8,STL10,train,813,ship_0080.jpg
815,data/images/stl10/airplane/airplane_0090.jpg,airplane,0,STL10,train,814,airplane_0090.jpg
816,data/images/stl10/monkey/monkey_0085.jpg,monkey,7,STL10,train,815,monkey_0085.jpg
817,data/images/stl10/monkey/monkey_0086.jpg,monkey,7,STL10,train,816,monkey_0086.jpg
818,data/images/stl10/bird/bird_0090.jpg,bird,1,STL10,train,817,bird_0090.jpg
819,data/images/stl10/car/car_0089.jpg,car,2,STL10,train,818,car_0089.jpg
820,data/images/stl10/car/car_0090.jpg,car,2,STL10,train,819,car_0090.jpg
821,data/images/stl10/monkey/monkey_0087.jpg,monkey,7,STL10,train,820,monkey_0087.jpg
822,data/images/stl10/truck/truck_0076.jpg,truck,9,STL10,train,821,truck_0076.jpg
823,data/images/stl10/ship/ship_0081.jpg,ship,8,STL10,train,822,ship_0081.jpg
824,data/images/stl10/dog/dog_0087.jpg,dog,5,STL10,train,823,dog_0087.jpg
825,data/images/stl10/truck/truck_0077.jpg,truck,9,STL10,train,824,truck_0077.jpg
826,data/images/stl10/airplane/airplane_0091.jpg,airplane,0,STL10,train,825,airplane_0091.jpg
827,data/images/stl10/bird/bird_0091.jpg,bird,1,STL10,train,826,bird_0091.jpg
828,data/images/stl10/car/car_0091.jpg,car,2,STL10,train,827,car_0091.jpg
829,data/images/stl10/dog/dog_0088.jpg,dog,5,STL10,train,828,dog_0088.jpg
830,data/images/stl10/horse/horse_0079.jpg,horse,6,STL10,train,829,horse_0079.jpg
831,data/images/stl10/cat/cat_0072.jpg,cat,3,STL10,train,830,cat_0072.jpg
832,data/images/stl10/car/car_0092.jpg,car,2,STL10,train,831,car_0092.jpg
833,data/images/stl10/cat/cat_0073.jpg,cat,3,STL10,train,832,cat_0073.jpg
834,data/images/stl10/cat/cat_0074.jpg,cat,3,STL10,train,833,cat_0074.jpg
835,data/images/stl10/dog/dog_0089.jpg,dog,5,STL10,train,834,dog_0089.jpg
836,data/images/stl10/bird/bird_0092.jpg,bird,1,STL10,train,835,bird_0092.jpg
837,data/images/stl10/car/car_0093.jpg,car,2,STL10,train,836,car_0093.jpg
838,data/images/stl10/horse/horse_0080.jpg,horse,6,STL10,train,837,horse_0080.jpg
839,data/images/stl10/bird/bird_0093.jpg,bird,1,STL10,train,838,bird_0093.jpg
840,data/images/stl10/monkey/monkey_0088.jpg,monkey,7,STL10,train,839,monkey_0088.jpg
841,data/images/stl10/ship/ship_0082.jpg,ship,8,STL10,train,840,ship_0082.jpg
842,data/images/stl10/monkey/monkey_0089.jpg,monkey,7,STL10,train,841,monkey_0089.jpg
843,data/images/stl10/deer/deer_0075.jpg,deer,4,STL10,train,842,deer_0075.jpg
844,data/images/stl10/ship/ship_0083.jpg,ship,8,STL10,train,843,ship_0083.jpg
845,data/images/stl10/horse/horse_0081.jpg,horse,6,STL10,train,844,horse_0081.jpg
846,data/images/stl10/horse/horse_0082.jpg,horse,6,STL10,train,845,horse_0082.jpg
847,data/images/stl10/cat/cat_0075.jpg,cat,3,STL10,train,846,cat_0075.jpg
848,data/images/stl10/car/car_0094.jpg,car,2,STL10,train,847,car_0094.jpg
849,data/images/stl10/car/car_0095.jpg,car,2,STL10,train,848,car_0095.jpg
850,data/images/stl10/dog/dog_0090.jpg,dog,5,STL10,train,849,dog_0090.jpg
851,data/images/stl10/cat/cat_0076.jpg,cat,3,STL10,train,850,cat_0076.jpg
852,data/images/stl10/ship/ship_0084.jpg,ship,8,STL10,train,851,ship_0084.jpg
853,data/images/stl10/cat/cat_0077.jpg,cat,3,STL10,train,852,cat_0077.jpg
854,data/images/stl10/dog/dog_0091.jpg,dog,5,STL10,train,853,dog_0091.jpg
855,data/images/stl10/truck/truck_0078.jpg,truck,9,STL10,train,854,truck_0078.jpg
856,data/images/stl10/monkey/monkey_0090.jpg,monkey,7,STL10,train,855,monkey_0090.jpg
857,data/images/stl10/bird/bird_0094.jpg,bird,1,STL10,train,856,bird_0094.jpg
858,data/images/stl10/ship/ship_0085.jpg,ship,8,STL10,train,857,ship_0085.jpg
859,data/images/stl10/airplane/airplane_0092.jpg,airplane,0,STL10,train,858,airplane_0092.jpg
860,data/images/stl10/cat/cat_0078.jpg,cat,3,STL10,train,859,cat_0078.jpg
861,data/images/stl10/horse/horse_0083.jpg,horse,6,STL10,train,860,horse_0083.jpg
862,data/images/stl10/ship/ship_0086.jpg,ship,8,STL10,train,861,ship_0086.jpg
863,data/images/stl10/horse/horse_0084.jpg,horse,6,STL10,train,862,horse_0084.jpg
864,data/images/stl10/monkey/monkey_0091.jpg,monkey,7,STL10,train,863,monkey_0091.jpg
865,data/images/stl10/truck/truck_0079.jpg,truck,9,STL10,train,864,truck_0079.jpg
866,data/images/stl10/bird/bird_0095.jpg,bird,1,STL10,train,865,bird_0095.jpg
867,data/images/stl10/dog/dog_0092.jpg,dog,5,STL10,train,866,dog_0092.jpg
868,data/images/stl10/dog/dog_0093.jpg,dog,5,STL10,train,867,dog_0093.jpg
869,data/images/stl10/dog/dog_0094.jpg,dog,5,STL10,train,868,dog_0094.jpg
870,data/images/stl10/monkey/monkey_0092.jpg,monkey,7,STL10,train,869,monkey_0092.jpg
871,data/images/stl10/horse/horse_0085.jpg,horse,6,STL10,train,870,horse_0085.jpg
872,data/images/stl10/bird/bird_0096.jpg,bird,1,STL10,train,871,bird_0096.jpg
873,data/images/stl10/bird/bird_0097.jpg,bird,1,STL10,train,872,bird_0097.jpg
874,data/images/stl10/horse/horse_0086.jpg,horse,6,STL10,train,873,horse_0086.jpg
875,data/images/stl10/monkey/monkey_0093.jpg,monkey,7,STL10,train,874,monkey_0093.jpg
876,data/images/stl10/bird/bird_0098.jpg,bird,1,STL10,train,875,bird_0098.jpg
877,data/images/stl10/horse/horse_0087.jpg,horse,6,STL10,train,876,horse_0087.jpg
878,data/images/stl10/bird/bird_0099.jpg,bird,1,STL10,train,877,bird_0099.jpg
879,data/images/stl10/dog/dog_0095.jpg,dog,5,STL10,train,878,dog_0095.jpg
880,data/images/stl10/car/car_0096.jpg,car,2,STL10,train,879,car_0096.jpg
881,data/images/stl10/monkey/monkey_0094.jpg,monkey,7,STL10,train,880,monkey_0094.jpg
882,data/images/stl10/dog/dog_0096.jpg,dog,5,STL10,train,881,dog_0096.jpg
883,data/images/stl10/ship/ship_0087.jpg,ship,8,STL10,train,882,ship_0087.jpg
884,data/images/stl10/ship/ship_0088.jpg,ship,8,STL10,train,883,ship_0088.jpg
885,data/images/stl10/truck/truck_0080.jpg,truck,9,STL10,train,884,truck_0080.jpg
886,data/images/stl10/airplane/airplane_0093.jpg,airplane,0,STL10,train,885,airplane_0093.jpg
887,data/images/stl10/bird/bird_0100.jpg,bird,1,STL10,train,886,bird_0100.jpg
888,data/images/stl10/cat/cat_0079.jpg,cat,3,STL10,train,887,cat_0079.jpg
889,data/images/stl10/dog/dog_0097.jpg,dog,5,STL10,train,888,dog_0097.jpg
890,data/images/stl10/monkey/monkey_0095.jpg,monkey,7,STL10,train,889,monkey_0095.jpg
891,data/images/stl10/ship/ship_0089.jpg,ship,8,STL10,train,890,ship_0089.jpg
892,data/images/stl10/car/car_0097.jpg,car,2,STL10,train,891,car_0097.jpg
893,data/images/stl10/dog/dog_0098.jpg,dog,5,STL10,train,892,dog_0098.jpg
894,data/images/stl10/cat/cat_0080.jpg,cat,3,STL10,train,893,cat_0080.jpg
895,data/images/stl10/airplane/airplane_0094.jpg,airplane,0,STL10,train,894,airplane_0094.jpg
896,data/images/stl10/horse/horse_0088.jpg,horse,6,STL10,train,895,horse_0088.jpg
897,data/images/stl10/cat/cat_0081.jpg,cat,3,STL10,train,896,cat_0081.jpg
898,data/images/stl10/ship/ship_0090.jpg,ship,8,STL10,train,897,ship_0090.jpg
899,data/images/stl10/dog/dog_0099.jpg,dog,5,STL10,train,900,dog_0099.jpg
900,data/images/stl10/cat/cat_0082.jpg,cat,3,STL10,train,902,cat_0082.jpg
901,data/images/stl10/deer/deer_0076.jpg,deer,4,STL10,train,903,deer_0076.jpg
902,data/images/stl10/cat/cat_0083.jpg,cat,3,STL10,train,904,cat_0083.jpg
903,data/images/stl10/dog/dog_0100.jpg,dog,5,STL10,train,905,dog_0100.jpg
904,data/images/stl10/car/car_0098.jpg,car,2,STL10,train,906,car_0098.jpg
905,data/images/stl10/deer/deer_0077.jpg,deer,4,STL10,train,908,deer_0077.jpg
906,data/images/stl10/ship/ship_0091.jpg,ship,8,STL10,train,909,ship_0091.jpg
907,data/images/stl10/car/car_0099.jpg,car,2,STL10,train,910,car_0099.jpg
908,data/images/stl10/airplane/airplane_0095.jpg,airplane,0,STL10,train,911,airplane_0095.jpg
909,data/images/stl10/horse/horse_0089.jpg,horse,6,STL10,train,914,horse_0089.jpg
910,data/images/stl10/truck/truck_0081.jpg,truck,9,STL10,train,915,truck_0081.jpg
911,data/images/stl10/ship/ship_0092.jpg,ship,8,STL10,train,917,ship_0092.jpg
912,data/images/stl10/horse/horse_0090.jpg,horse,6,STL10,train,918,horse_0090.jpg
913,data/images/stl10/truck/truck_0082.jpg,truck,9,STL10,train,919,truck_0082.jpg
914,data/images/stl10/car/car_0100.jpg,car,2,STL10,train,920,car_0100.jpg
915,data/images/stl10/cat/cat_0084.jpg,cat,3,STL10,train,921,cat_0084.jpg
916,data/images/stl10/cat/cat_0085.jpg,cat,3,STL10,train,922,cat_0085.jpg
917,data/images/stl10/truck/truck_0083.jpg,truck,9,STL10,train,923,truck_0083.jpg
918,data/images/stl10/ship/ship_0093.jpg,ship,8,STL10,train,924,ship_0093.jpg
919,data/images/stl10/ship/ship_0094.jpg,ship,8,STL10,train,926,ship_0094.jpg
920,data/images/stl10/horse/horse_0091.jpg,horse,6,STL10,train,927,horse_0091.jpg
921,data/images/stl10/truck/truck_0084.jpg,truck,9,STL10,train,931,truck_0084.jpg
922,data/images/stl10/airplane/airplane_0096.jpg,airplane,0,STL10,train,933,airplane_0096.jpg
923,data/images/stl10/airplane/airplane_0097.jpg,airplane,0,STL10,train,934,airplane_0097.jpg
924,data/images/stl10/horse/horse_0092.jpg,horse,6,STL10,train,935,horse_0092.jpg
925,data/images/stl10/monkey/monkey_0096.jpg,monkey,7,STL10,train,937,monkey_0096.jpg
926,data/images/stl10/airplane/airplane_0098.jpg,airplane,0,STL10,train,938,airplane_0098.jpg
927,data/images/stl10/truck/truck_0085.jpg,truck,9,STL10,train,939,truck_0085.jpg
928,data/images/stl10/truck/truck_0086.jpg,truck,9,STL10,train,940,truck_0086.jpg
929,data/images/stl10/deer/deer_0078.jpg,deer,4,STL10,train,941,deer_0078.jpg
930,data/images/stl10/horse/horse_0093.jpg,horse,6,STL10,train,942,horse_0093.jpg
931,data/images/stl10/horse/horse_0094.jpg,horse,6,STL10,train,943,horse_0094.jpg
932,data/images/stl10/truck/truck_0087.jpg,truck,9,STL10,train,944,truck_0087.jpg
933,data/images/stl10/ship/ship_0095.jpg,ship,8,STL10,train,946,ship_0095.jpg
934,data/images/stl10/monkey/monkey_0097.jpg,monkey,7,STL10,train,947,monkey_0097.jpg
935,data/images/stl10/ship/ship_0096.jpg,ship,8,STL10,train,948,ship_0096.jpg
936,data/images/stl10/ship/ship_0097.jpg,ship,8,STL10,train,949,ship_0097.jpg
937,data/images/stl10/horse/horse_0095.jpg,horse,6,STL10,train,950,horse_0095.jpg
938,data/images/stl10/cat/cat_0086.jpg,cat,3,STL10,train,952,cat_0086.jpg
939,data/images/stl10/cat/cat_0087.jpg,cat,3,STL10,train,954,cat_0087.jpg
940,data/images/stl10/deer/deer_0079.jpg,deer,4,STL10,train,955,deer_0079.jpg
941,data/images/stl10/cat/cat_0088.jpg,cat,3,STL10,train,956,cat_0088.jpg
942,data/images/stl10/ship/ship_0098.jpg,ship,8,STL10,train,957,ship_0098.jpg
943,data/images/stl10/truck/truck_0088.jpg,truck,9,STL10,train,958,truck_0088.jpg
944,data/images/stl10/monkey/monkey_0098.jpg,monkey,7,STL10,train,959,monkey_0098.jpg
945,data/images/stl10/cat/cat_0089.jpg,cat,3,STL10,train,961,cat_0089.jpg
946,data/images/stl10/airplane/airplane_0099.jpg,airplane,0,STL10,train,963,airplane_0099.jpg
947,data/images/stl10/deer/deer_0080.jpg,deer,4,STL10,train,965,deer_0080.jpg
948,data/images/stl10/cat/cat_0090.jpg,cat,3,STL10,train,967,cat_0090.jpg
949,data/images/stl10/deer/deer_0081.jpg,deer,4,STL10,train,968,deer_0081.jpg
950,data/images/stl10/truck/truck_0089.jpg,truck,9,STL10,train,969,truck_0089.jpg
951,data/images/stl10/cat/cat_0091.jpg,cat,3,STL10,train,970,cat_0091.jpg
952,data/images/stl10/horse/horse_0096.jpg,horse,6,STL10,train,971,horse_0096.jpg
953,data/images/stl10/horse/horse_0097.jpg,horse,6,STL10,train,972,horse_0097.jpg
954,data/images/stl10/horse/horse_0098.jpg,horse,6,STL10,train,973,horse_0098.jpg
955,data/images/stl10/ship/ship_0099.jpg,ship,8,STL10,train,974,ship_0099.jpg
956,data/images/stl10/airplane/airplane_0100.jpg,airplane,0,STL10,train,975,airplane_0100.jpg
957,data/images/stl10/cat/cat_0092.jpg,cat,3,STL10,train,976,cat_0092.jpg
958,data/images/stl10/monkey/monkey_0099.jpg,monkey,7,STL10,train,978,monkey_0099.jpg
959,data/images/stl10/ship/ship_0100.jpg,ship,8,STL10,train,979,ship_0100.jpg
960,data/images/stl10/monkey/monkey_0100.jpg,monkey,7,STL10,train,981,monkey_0100.jpg
961,data/images/stl10/deer/deer_0082.jpg,deer,4,STL10,train,984,deer_0082.jpg
962,data/images/stl10/deer/deer_0083.jpg,deer,4,STL10,train,985,deer_0083.jpg
963,data/images/stl10/truck/truck_0090.jpg,truck,9,STL10,train,988,truck_0090.jpg
964,data/images/stl10/truck/truck_0091.jpg,truck,9,STL10,train,992,truck_0091.jpg
965,data/images/stl10/cat/cat_0093.jpg,cat,3,STL10,train,1001,cat_0093.jpg
966,data/images/stl10/truck/truck_0092.jpg,truck,9,STL10,train,1005,truck_0092.jpg
967,data/images/stl10/truck/truck_0093.jpg,truck,9,STL10,train,1007,truck_0093.jpg
968,data/images/stl10/cat/cat_0094.jpg,cat,3,STL10,train,1008,cat_0094.jpg
969,data/images/stl10/truck/truck_0094.jpg,truck,9,STL10,train,1013,truck_0094.jpg
970,data/images/stl10/truck/truck_0095.jpg,truck,9,STL10,train,1016,truck_0095.jpg
971,data/images/stl10/cat/cat_0095.jpg,cat,3,STL10,train,1020,cat_0095.jpg
972,data/images/stl10/deer/deer_0084.jpg,deer,4,STL10,train,1021,deer_0084.jpg
973,data/images/stl10/truck/truck_0096.jpg,truck,9,STL10,train,1022,truck_0096.jpg
974,data/images/stl10/horse/horse_0099.jpg,horse,6,STL10,train,1023,horse_0099.jpg
975,data/images/stl10/cat/cat_0096.jpg,cat,3,STL10,train,1028,cat_0096.jpg
976,data/images/stl10/truck/truck_0097.jpg,truck,9,STL10,train,1029,truck_0097.jpg
977,data/images/stl10/cat/cat_0097.jpg,cat,3,STL10,train,1034,cat_0097.jpg
978,data/images/stl10/truck/truck_0098.jpg,truck,9,STL10,train,1035,truck_0098.jpg
979,data/images/stl10/horse/horse_0100.jpg,horse,6,STL10,train,1036,horse_0100.jpg
980,data/images/stl10/truck/truck_0099.jpg,truck,9,STL10,train,1041,truck_0099.jpg
981,data/images/stl10/deer/deer_0085.jpg,deer,4,STL10,train,1042,deer_0085.jpg
982,data/images/stl10/cat/cat_0098.jpg,cat,3,STL10,train,1043,cat_0098.jpg
983,data/images/stl10/truck/truck_0100.jpg,truck,9,STL10,train,1049,truck_0100.jpg
984,data/images/stl10/cat/cat_0099.jpg,cat,3,STL10,train,1050,cat_0099.jpg
985,data/images/stl10/cat/cat_0100.jpg,cat,3,STL10,train,1057,cat_0100.jpg
986,data/images/stl10/deer/deer_0086.jpg,deer,4,STL10,train,1060,deer_0086.jpg
987,data/images/stl10/deer/deer_0087.jpg,deer,4,STL10,train,1076,deer_0087.jpg
988,data/images/stl10/deer/deer_0088.jpg,deer,4,STL10,train,1086,deer_0088.jpg
989,data/images/stl10/deer/deer_0089.jpg,deer,4,STL10,train,1109,deer_0089.jpg
990,data/images/stl10/deer/deer_0090.jpg,deer,4,STL10,train,1110,deer_0090.jpg
991,data/images/stl10/deer/deer_0091.jpg,deer,4,STL10,train,1112,deer_0091.jpg
992,data/images/stl10/deer/deer_0092.jpg,deer,4,STL10,train,1115,deer_0092.jpg
993,data/images/stl10/deer/deer_0093.jpg,deer,4,STL10,train,1122,deer_0093.jpg
994,data/images/stl10/deer/deer_0094.jpg,deer,4,STL10,train,1176,deer_0094.jpg
995,data/images/stl10/deer/deer_0095.jpg,deer,4,STL10,train,1192,deer_0095.jpg
996,data/images/stl10/deer/deer_0096.jpg,deer,4,STL10,train,1207,deer_0096.jpg
997,data/images/stl10/deer/deer_0097.jpg,deer,4,STL10,train,1212,deer_0097.jpg
998,data/images/stl10/deer/deer_0098.jpg,deer,4,STL10,train,1223,deer_0098.jpg
999,data/images/stl10/deer/deer_0099.jpg,deer,4,STL10,train,1226,deer_0099.jpg
1000,data/images/stl10/deer/deer_0100.jpg,deer,4,STL10,train,1230,deer_0100.jpg
