id,image_path,label,embedding_index,status
1,data/images/stl10/bird/bird_0001.jpg,bird,0,ok
2,data/images/stl10/dog/dog_0001.jpg,dog,1,ok
3,data/images/stl10/bird/bird_0002.jpg,bird,2,ok
4,data/images/stl10/horse/horse_0001.jpg,horse,3,ok
5,data/images/stl10/cat/cat_0001.jpg,cat,4,ok
6,data/images/stl10/truck/truck_0001.jpg,truck,5,ok
7,data/images/stl10/monkey/monkey_0001.jpg,monkey,6,ok
8,data/images/stl10/deer/deer_0001.jpg,deer,7,ok
9,data/images/stl10/dog/dog_0002.jpg,dog,8,ok
10,data/images/stl10/ship/ship_0001.jpg,ship,9,ok
11,data/images/stl10/airplane/airplane_0001.jpg,airplane,10,ok
12,data/images/stl10/horse/horse_0002.jpg,horse,11,ok
13,data/images/stl10/airplane/airplane_0002.jpg,airplane,12,ok
14,data/images/stl10/ship/ship_0002.jpg,ship,13,ok
15,data/images/stl10/monkey/monkey_0002.jpg,monkey,14,ok
16,data/images/stl10/horse/horse_0003.jpg,horse,15,ok
17,data/images/stl10/deer/deer_0002.jpg,deer,16,ok
18,data/images/stl10/horse/horse_0004.jpg,horse,17,ok
19,data/images/stl10/car/car_0001.jpg,car,18,ok
20,data/images/stl10/car/car_0002.jpg,car,19,ok
21,data/images/stl10/bird/bird_0003.jpg,bird,20,ok
22,data/images/stl10/bird/bird_0004.jpg,bird,21,ok
23,data/images/stl10/horse/horse_0005.jpg,horse,22,ok
24,data/images/stl10/car/car_0003.jpg,car,23,ok
25,data/images/stl10/bird/bird_0005.jpg,bird,24,ok
26,data/images/stl10/ship/ship_0003.jpg,ship,25,ok
27,data/images/stl10/dog/dog_0003.jpg,dog,26,ok
28,data/images/stl10/bird/bird_0006.jpg,bird,27,ok
29,data/images/stl10/dog/dog_0004.jpg,dog,28,ok
30,data/images/stl10/dog/dog_0005.jpg,dog,29,ok
31,data/images/stl10/airplane/airplane_0003.jpg,airplane,30,ok
32,data/images/stl10/airplane/airplane_0004.jpg,airplane,31,ok
33,data/images/stl10/airplane/airplane_0005.jpg,airplane,32,ok
34,data/images/stl10/bird/bird_0007.jpg,bird,33,ok
35,data/images/stl10/cat/cat_0002.jpg,cat,34,ok
36,data/images/stl10/horse/horse_0006.jpg,horse,35,ok
37,data/images/stl10/monkey/monkey_0003.jpg,monkey,36,ok
38,data/images/stl10/car/car_0004.jpg,car,37,ok
39,data/images/stl10/bird/bird_0008.jpg,bird,38,ok
40,data/images/stl10/cat/cat_0003.jpg,cat,39,ok
41,data/images/stl10/bird/bird_0009.jpg,bird,40,ok
42,data/images/stl10/horse/horse_0007.jpg,horse,41,ok
43,data/images/stl10/bird/bird_0010.jpg,bird,42,ok
44,data/images/stl10/cat/cat_0004.jpg,cat,43,ok
45,data/images/stl10/monkey/monkey_0004.jpg,monkey,44,ok
46,data/images/stl10/deer/deer_0003.jpg,deer,45,ok
47,data/images/stl10/cat/cat_0005.jpg,cat,46,ok
48,data/images/stl10/airplane/airplane_0006.jpg,airplane,47,ok
49,data/images/stl10/horse/horse_0008.jpg,horse,48,ok
50,data/images/stl10/monkey/monkey_0005.jpg,monkey,49,ok
51,data/images/stl10/horse/horse_0009.jpg,horse,50,ok
52,data/images/stl10/dog/dog_0006.jpg,dog,51,ok
53,data/images/stl10/ship/ship_0004.jpg,ship,52,ok
54,data/images/stl10/airplane/airplane_0007.jpg,airplane,53,ok
55,data/images/stl10/horse/horse_0010.jpg,horse,54,ok
56,data/images/stl10/bird/bird_0011.jpg,bird,55,ok
57,data/images/stl10/cat/cat_0006.jpg,cat,56,ok
58,data/images/stl10/horse/horse_0011.jpg,horse,57,ok
59,data/images/stl10/ship/ship_0005.jpg,ship,58,ok
60,data/images/stl10/car/car_0005.jpg,car,59,ok
61,data/images/stl10/car/car_0006.jpg,car,60,ok
62,data/images/stl10/truck/truck_0002.jpg,truck,61,ok
63,data/images/stl10/truck/truck_0003.jpg,truck,62,ok
64,data/images/stl10/dog/dog_0007.jpg,dog,63,ok
65,data/images/stl10/bird/bird_0012.jpg,bird,64,ok
66,data/images/stl10/monkey/monkey_0006.jpg,monkey,65,ok
67,data/images/stl10/ship/ship_0006.jpg,ship,66,ok
68,data/images/stl10/monkey/monkey_0007.jpg,monkey,67,ok
69,data/images/stl10/ship/ship_0007.jpg,ship,68,ok
70,data/images/stl10/ship/ship_0008.jpg,ship,69,ok
71,data/images/stl10/truck/truck_0004.jpg,truck,70,ok
72,data/images/stl10/airplane/airplane_0008.jpg,airplane,71,ok
73,data/images/stl10/dog/dog_0008.jpg,dog,72,ok
74,data/images/stl10/airplane/airplane_0009.jpg,airplane,73,ok
75,data/images/stl10/car/car_0007.jpg,car,74,ok
76,data/images/stl10/dog/dog_0009.jpg,dog,75,ok
77,data/images/stl10/dog/dog_0010.jpg,dog,76,ok
78,data/images/stl10/monkey/monkey_0008.jpg,monkey,77,ok
79,data/images/stl10/ship/ship_0009.jpg,ship,78,ok
80,data/images/stl10/truck/truck_0005.jpg,truck,79,ok
81,data/images/stl10/dog/dog_0011.jpg,dog,80,ok
82,data/images/stl10/airplane/airplane_0010.jpg,airplane,81,ok
83,data/images/stl10/ship/ship_0010.jpg,ship,82,ok
84,data/images/stl10/cat/cat_0007.jpg,cat,83,ok
85,data/images/stl10/car/car_0008.jpg,car,84,ok
86,data/images/stl10/truck/truck_0006.jpg,truck,85,ok
87,data/images/stl10/horse/horse_0012.jpg,horse,86,ok
88,data/images/stl10/dog/dog_0012.jpg,dog,87,ok
89,data/images/stl10/ship/ship_0011.jpg,ship,88,ok
90,data/images/stl10/cat/cat_0008.jpg,cat,89,ok
91,data/images/stl10/monkey/monkey_0009.jpg,monkey,90,ok
92,data/images/stl10/truck/truck_0007.jpg,truck,91,ok
93,data/images/stl10/horse/horse_0013.jpg,horse,92,ok
94,data/images/stl10/horse/horse_0014.jpg,horse,93,ok
95,data/images/stl10/horse/horse_0015.jpg,horse,94,ok
96,data/images/stl10/bird/bird_0013.jpg,bird,95,ok
97,data/images/stl10/airplane/airplane_0011.jpg,airplane,96,ok
98,data/images/stl10/dog/dog_0013.jpg,dog,97,ok
99,data/images/stl10/airplane/airplane_0012.jpg,airplane,98,ok
100,data/images/stl10/dog/dog_0014.jpg,dog,99,ok
101,data/images/stl10/car/car_0009.jpg,car,100,ok
102,data/images/stl10/monkey/monkey_0010.jpg,monkey,101,ok
103,data/images/stl10/bird/bird_0014.jpg,bird,102,ok
104,data/images/stl10/airplane/airplane_0013.jpg,airplane,103,ok
105,data/images/stl10/airplane/airplane_0014.jpg,airplane,104,ok
106,data/images/stl10/ship/ship_0012.jpg,ship,105,ok
107,data/images/stl10/airplane/airplane_0015.jpg,airplane,106,ok
108,data/images/stl10/deer/deer_0004.jpg,deer,107,ok
109,data/images/stl10/car/car_0010.jpg,car,108,ok
110,data/images/stl10/deer/deer_0005.jpg,deer,109,ok
111,data/images/stl10/cat/cat_0009.jpg,cat,110,ok
112,data/images/stl10/car/car_0011.jpg,car,111,ok
113,data/images/stl10/deer/deer_0006.jpg,deer,112,ok
114,data/images/stl10/dog/dog_0015.jpg,dog,113,ok
115,data/images/stl10/bird/bird_0015.jpg,bird,114,ok
116,data/images/stl10/car/car_0012.jpg,car,115,ok
117,data/images/stl10/deer/deer_0007.jpg,deer,116,ok
118,data/images/stl10/deer/deer_0008.jpg,deer,117,ok
119,data/images/stl10/truck/truck_0008.jpg,truck,118,ok
120,data/images/stl10/airplane/airplane_0016.jpg,airplane,119,ok
121,data/images/stl10/dog/dog_0016.jpg,dog,120,ok
122,data/images/stl10/car/car_0013.jpg,car,121,ok
123,data/images/stl10/dog/dog_0017.jpg,dog,122,ok
124,data/images/stl10/monkey/monkey_0011.jpg,monkey,123,ok
125,data/images/stl10/airplane/airplane_0017.jpg,airplane,124,ok
126,data/images/stl10/dog/dog_0018.jpg,dog,125,ok
127,data/images/stl10/cat/cat_0010.jpg,cat,126,ok
128,data/images/stl10/cat/cat_0011.jpg,cat,127,ok
129,data/images/stl10/horse/horse_0016.jpg,horse,128,ok
130,data/images/stl10/cat/cat_0012.jpg,cat,129,ok
131,data/images/stl10/horse/horse_0017.jpg,horse,130,ok
132,data/images/stl10/deer/deer_0009.jpg,deer,131,ok
133,data/images/stl10/ship/ship_0013.jpg,ship,132,ok
134,data/images/stl10/cat/cat_0013.jpg,cat,133,ok
135,data/images/stl10/bird/bird_0016.jpg,bird,134,ok
136,data/images/stl10/cat/cat_0014.jpg,cat,135,ok
137,data/images/stl10/monkey/monkey_0012.jpg,monkey,136,ok
138,data/images/stl10/deer/deer_0010.jpg,deer,137,ok
139,data/images/stl10/horse/horse_0018.jpg,horse,138,ok
140,data/images/stl10/airplane/airplane_0018.jpg,airplane,139,ok
141,data/images/stl10/truck/truck_0009.jpg,truck,140,ok
142,data/images/stl10/dog/dog_0019.jpg,dog,141,ok
143,data/images/stl10/car/car_0014.jpg,car,142,ok
144,data/images/stl10/truck/truck_0010.jpg,truck,143,ok
145,data/images/stl10/car/car_0015.jpg,car,144,ok
146,data/images/stl10/ship/ship_0014.jpg,ship,145,ok
147,data/images/stl10/ship/ship_0015.jpg,ship,146,ok
148,data/images/stl10/horse/horse_0019.jpg,horse,147,ok
149,data/images/stl10/bird/bird_0017.jpg,bird,148,ok
150,data/images/stl10/truck/truck_0011.jpg,truck,149,ok
151,data/images/stl10/ship/ship_0016.jpg,ship,150,ok
152,data/images/stl10/car/car_0016.jpg,car,151,ok
153,data/images/stl10/airplane/airplane_0019.jpg,airplane,152,ok
154,data/images/stl10/bird/bird_0018.jpg,bird,153,ok
155,data/images/stl10/car/car_0017.jpg,car,154,ok
156,data/images/stl10/monkey/monkey_0013.jpg,monkey,155,ok
157,data/images/stl10/dog/dog_0020.jpg,dog,156,ok
158,data/images/stl10/monkey/monkey_0014.jpg,monkey,157,ok
159,data/images/stl10/ship/ship_0017.jpg,ship,158,ok
160,data/images/stl10/monkey/monkey_0015.jpg,monkey,159,ok
161,data/images/stl10/car/car_0018.jpg,car,160,ok
162,data/images/stl10/car/car_0019.jpg,car,161,ok
163,data/images/stl10/monkey/monkey_0016.jpg,monkey,162,ok
164,data/images/stl10/ship/ship_0018.jpg,ship,163,ok
165,data/images/stl10/ship/ship_0019.jpg,ship,164,ok
166,data/images/stl10/truck/truck_0012.jpg,truck,165,ok
167,data/images/stl10/car/car_0020.jpg,car,166,ok
168,data/images/stl10/monkey/monkey_0017.jpg,monkey,167,ok
169,data/images/stl10/deer/deer_0011.jpg,deer,168,ok
170,data/images/stl10/cat/cat_0015.jpg,cat,169,ok
171,data/images/stl10/dog/dog_0021.jpg,dog,170,ok
172,data/images/stl10/horse/horse_0020.jpg,horse,171,ok
173,data/images/stl10/monkey/monkey_0018.jpg,monkey,172,ok
174,data/images/stl10/bird/bird_0019.jpg,bird,173,ok
175,data/images/stl10/horse/horse_0021.jpg,horse,174,ok
176,data/images/stl10/truck/truck_0013.jpg,truck,175,ok
177,data/images/stl10/bird/bird_0020.jpg,bird,176,ok
178,data/images/stl10/truck/truck_0014.jpg,truck,177,ok
179,data/images/stl10/car/car_0021.jpg,car,178,ok
180,data/images/stl10/monkey/monkey_0019.jpg,monkey,179,ok
181,data/images/stl10/truck/truck_0015.jpg,truck,180,ok
182,data/images/stl10/deer/deer_0012.jpg,deer,181,ok
183,data/images/stl10/bird/bird_0021.jpg,bird,182,ok
184,data/images/stl10/airplane/airplane_0020.jpg,airplane,183,ok
185,data/images/stl10/deer/deer_0013.jpg,deer,184,ok
186,data/images/stl10/deer/deer_0014.jpg,deer,185,ok
187,data/images/stl10/car/car_0022.jpg,car,186,ok
188,data/images/stl10/deer/deer_0015.jpg,deer,187,ok
189,data/images/stl10/deer/deer_0016.jpg,deer,188,ok
190,data/images/stl10/horse/horse_0022.jpg,horse,189,ok
191,data/images/stl10/monkey/monkey_0020.jpg,monkey,190,ok
192,data/images/stl10/cat/cat_0016.jpg,cat,191,ok
193,data/images/stl10/cat/cat_0017.jpg,cat,192,ok
194,data/images/stl10/bird/bird_0022.jpg,bird,193,ok
195,data/images/stl10/cat/cat_0018.jpg,cat,194,ok
196,data/images/stl10/dog/dog_0022.jpg,dog,195,ok
197,data/images/stl10/deer/deer_0017.jpg,deer,196,ok
198,data/images/stl10/car/car_0023.jpg,car,197,ok
199,data/images/stl10/airplane/airplane_0021.jpg,airplane,198,ok
200,data/images/stl10/monkey/monkey_0021.jpg,monkey,199,ok
201,data/images/stl10/airplane/airplane_0022.jpg,airplane,200,ok
202,data/images/stl10/deer/deer_0018.jpg,deer,201,ok
203,data/images/stl10/monkey/monkey_0022.jpg,monkey,202,ok
204,data/images/stl10/airplane/airplane_0023.jpg,airplane,203,ok
205,data/images/stl10/monkey/monkey_0023.jpg,monkey,204,ok
206,data/images/stl10/truck/truck_0016.jpg,truck,205,ok
207,data/images/stl10/airplane/airplane_0024.jpg,airplane,206,ok
208,data/images/stl10/monkey/monkey_0024.jpg,monkey,207,ok
209,data/images/stl10/bird/bird_0023.jpg,bird,208,ok
210,data/images/stl10/deer/deer_0019.jpg,deer,209,ok
211,data/images/stl10/car/car_0024.jpg,car,210,ok
212,data/images/stl10/monkey/monkey_0025.jpg,monkey,211,ok
213,data/images/stl10/horse/horse_0023.jpg,horse,212,ok
214,data/images/stl10/ship/ship_0020.jpg,ship,213,ok
215,data/images/stl10/dog/dog_0023.jpg,dog,214,ok
216,data/images/stl10/dog/dog_0024.jpg,dog,215,ok
217,data/images/stl10/car/car_0025.jpg,car,216,ok
218,data/images/stl10/horse/horse_0024.jpg,horse,217,ok
219,data/images/stl10/truck/truck_0017.jpg,truck,218,ok
220,data/images/stl10/monkey/monkey_0026.jpg,monkey,219,ok
221,data/images/stl10/dog/dog_0025.jpg,dog,220,ok
222,data/images/stl10/dog/dog_0026.jpg,dog,221,ok
223,data/images/stl10/truck/truck_0018.jpg,truck,222,ok
224,data/images/stl10/bird/bird_0024.jpg,bird,223,ok
225,data/images/stl10/deer/deer_0020.jpg,deer,224,ok
226,data/images/stl10/ship/ship_0021.jpg,ship,225,ok
227,data/images/stl10/ship/ship_0022.jpg,ship,226,ok
228,data/images/stl10/dog/dog_0027.jpg,dog,227,ok
229,data/images/stl10/dog/dog_0028.jpg,dog,228,ok
230,data/images/stl10/horse/horse_0025.jpg,horse,229,ok
231,data/images/stl10/truck/truck_0019.jpg,truck,230,ok
232,data/images/stl10/cat/cat_0019.jpg,cat,231,ok
233,data/images/stl10/deer/deer_0021.jpg,deer,232,ok
234,data/images/stl10/deer/deer_0022.jpg,deer,233,ok
235,data/images/stl10/car/car_0026.jpg,car,234,ok
236,data/images/stl10/dog/dog_0029.jpg,dog,235,ok
237,data/images/stl10/airplane/airplane_0025.jpg,airplane,236,ok
238,data/images/stl10/deer/deer_0023.jpg,deer,237,ok
239,data/images/stl10/horse/horse_0026.jpg,horse,238,ok
240,data/images/stl10/bird/bird_0025.jpg,bird,239,ok
241,data/images/stl10/monkey/monkey_0027.jpg,monkey,240,ok
242,data/images/stl10/airplane/airplane_0026.jpg,airplane,241,ok
243,data/images/stl10/cat/cat_0020.jpg,cat,242,ok
244,data/images/stl10/ship/ship_0023.jpg,ship,243,ok
245,data/images/stl10/bird/bird_0026.jpg,bird,244,ok
246,data/images/stl10/car/car_0027.jpg,car,245,ok
247,data/images/stl10/airplane/airplane_0027.jpg,airplane,246,ok
248,data/images/stl10/ship/ship_0024.jpg,ship,247,ok
249,data/images/stl10/dog/dog_0030.jpg,dog,248,ok
250,data/images/stl10/bird/bird_0027.jpg,bird,249,ok
251,data/images/stl10/monkey/monkey_0028.jpg,monkey,250,ok
252,data/images/stl10/deer/deer_0024.jpg,deer,251,ok
253,data/images/stl10/truck/truck_0020.jpg,truck,252,ok
254,data/images/stl10/truck/truck_0021.jpg,truck,253,ok
255,data/images/stl10/deer/deer_0025.jpg,deer,254,ok
256,data/images/stl10/bird/bird_0028.jpg,bird,255,ok
257,data/images/stl10/bird/bird_0029.jpg,bird,256,ok
258,data/images/stl10/airplane/airplane_0028.jpg,airplane,257,ok
259,data/images/stl10/deer/deer_0026.jpg,deer,258,ok
260,data/images/stl10/car/car_0028.jpg,car,259,ok
261,data/images/stl10/ship/ship_0025.jpg,ship,260,ok
262,data/images/stl10/truck/truck_0022.jpg,truck,261,ok
263,data/images/stl10/airplane/airplane_0029.jpg,airplane,262,ok
264,data/images/stl10/monkey/monkey_0029.jpg,monkey,263,ok
265,data/images/stl10/horse/horse_0027.jpg,horse,264,ok
266,data/images/stl10/deer/deer_0027.jpg,deer,265,ok
267,data/images/stl10/ship/ship_0026.jpg,ship,266,ok
268,data/images/stl10/ship/ship_0027.jpg,ship,267,ok
269,data/images/stl10/monkey/monkey_0030.jpg,monkey,268,ok
270,data/images/stl10/deer/deer_0028.jpg,deer,269,ok
271,data/images/stl10/dog/dog_0031.jpg,dog,270,ok
272,data/images/stl10/horse/horse_0028.jpg,horse,271,ok
273,data/images/stl10/deer/deer_0029.jpg,deer,272,ok
274,data/images/stl10/ship/ship_0028.jpg,ship,273,ok
275,data/images/stl10/ship/ship_0029.jpg,ship,274,ok
276,data/images/stl10/horse/horse_0029.jpg,horse,275,ok
277,data/images/stl10/dog/dog_0032.jpg,dog,276,ok
278,data/images/stl10/bird/bird_0030.jpg,bird,277,ok
279,data/images/stl10/deer/deer_0030.jpg,deer,278,ok
280,data/images/stl10/monkey/monkey_0031.jpg,monkey,279,ok
281,data/images/stl10/cat/cat_0021.jpg,cat,280,ok
282,data/images/stl10/bird/bird_0031.jpg,bird,281,ok
283,data/images/stl10/monkey/monkey_0032.jpg,monkey,282,ok
284,data/images/stl10/monkey/monkey_0033.jpg,monkey,283,ok
285,data/images/stl10/deer/deer_0031.jpg,deer,284,ok
286,data/images/stl10/monkey/monkey_0034.jpg,monkey,285,ok
287,data/images/stl10/car/car_0029.jpg,car,286,ok
288,data/images/stl10/car/car_0030.jpg,car,287,ok
289,data/images/stl10/deer/deer_0032.jpg,deer,288,ok
290,data/images/stl10/bird/bird_0032.jpg,bird,289,ok
291,data/images/stl10/cat/cat_0022.jpg,cat,290,ok
292,data/images/stl10/horse/horse_0030.jpg,horse,291,ok
293,data/images/stl10/bird/bird_0033.jpg,bird,292,ok
294,data/images/stl10/deer/deer_0033.jpg,deer,293,ok
295,data/images/stl10/horse/horse_0031.jpg,horse,294,ok
296,data/images/stl10/monkey/monkey_0035.jpg,monkey,295,ok
297,data/images/stl10/airplane/airplane_0030.jpg,airplane,296,ok
298,data/images/stl10/deer/deer_0034.jpg,deer,297,ok
299,data/images/stl10/dog/dog_0033.jpg,dog,298,ok
300,data/images/stl10/ship/ship_0030.jpg,ship,299,ok
301,data/images/stl10/airplane/airplane_0031.jpg,airplane,300,ok
302,data/images/stl10/car/car_0031.jpg,car,301,ok
303,data/images/stl10/cat/cat_0023.jpg,cat,302,ok
304,data/images/stl10/car/car_0032.jpg,car,303,ok
305,data/images/stl10/car/car_0033.jpg,car,304,ok
306,data/images/stl10/dog/dog_0034.jpg,dog,305,ok
307,data/images/stl10/truck/truck_0023.jpg,truck,306,ok
308,data/images/stl10/car/car_0034.jpg,car,307,ok
309,data/images/stl10/horse/horse_0032.jpg,horse,308,ok
310,data/images/stl10/cat/cat_0024.jpg,cat,309,ok
311,data/images/stl10/bird/bird_0034.jpg,bird,310,ok
312,data/images/stl10/ship/ship_0031.jpg,ship,311,ok
313,data/images/stl10/monkey/monkey_0036.jpg,monkey,312,ok
314,data/images/stl10/dog/dog_0035.jpg,dog,313,ok
315,data/images/stl10/ship/ship_0032.jpg,ship,314,ok
316,data/images/stl10/dog/dog_0036.jpg,dog,315,ok
317,data/images/stl10/dog/dog_0037.jpg,dog,316,ok
318,data/images/stl10/dog/dog_0038.jpg,dog,317,ok
319,data/images/stl10/horse/horse_0033.jpg,horse,318,ok
320,data/images/stl10/truck/truck_0024.jpg,truck,319,ok
321,data/images/stl10/ship/ship_0033.jpg,ship,320,ok
322,data/images/stl10/bird/bird_0035.jpg,bird,321,ok
323,data/images/stl10/dog/dog_0039.jpg,dog,322,ok
324,data/images/stl10/deer/deer_0035.jpg,deer,323,ok
325,data/images/stl10/airplane/airplane_0032.jpg,airplane,324,ok
326,data/images/stl10/cat/cat_0025.jpg,cat,325,ok
327,data/images/stl10/cat/cat_0026.jpg,cat,326,ok
328,data/images/stl10/cat/cat_0027.jpg,cat,327,ok
329,data/images/stl10/airplane/airplane_0033.jpg,airplane,328,ok
330,data/images/stl10/dog/dog_0040.jpg,dog,329,ok
331,data/images/stl10/airplane/airplane_0034.jpg,airplane,330,ok
332,data/images/stl10/truck/truck_0025.jpg,truck,331,ok
333,data/images/stl10/car/car_0035.jpg,car,332,ok
334,data/images/stl10/airplane/airplane_0035.jpg,airplane,333,ok
335,data/images/stl10/horse/horse_0034.jpg,horse,334,ok
336,data/images/stl10/bird/bird_0036.jpg,bird,335,ok
337,data/images/stl10/car/car_0036.jpg,car,336,ok
338,data/images/stl10/deer/deer_0036.jpg,deer,337,ok
339,data/images/stl10/monkey/monkey_0037.jpg,monkey,338,ok
340,data/images/stl10/bird/bird_0037.jpg,bird,339,ok
341,data/images/stl10/airplane/airplane_0036.jpg,airplane,340,ok
342,data/images/stl10/ship/ship_0034.jpg,ship,341,ok
343,data/images/stl10/ship/ship_0035.jpg,ship,342,ok
344,data/images/stl10/airplane/airplane_0037.jpg,airplane,343,ok
345,data/images/stl10/airplane/airplane_0038.jpg,airplane,344,ok
346,data/images/stl10/cat/cat_0028.jpg,cat,345,ok
347,data/images/stl10/ship/ship_0036.jpg,ship,346,ok
348,data/images/stl10/cat/cat_0029.jpg,cat,347,ok
349,data/images/stl10/airplane/airplane_0039.jpg,airplane,348,ok
350,data/images/stl10/cat/cat_0030.jpg,cat,349,ok
351,data/images/stl10/ship/ship_0037.jpg,ship,350,ok
352,data/images/stl10/car/car_0037.jpg,car,351,ok
353,data/images/stl10/horse/horse_0035.jpg,horse,352,ok
354,data/images/stl10/monkey/monkey_0038.jpg,monkey,353,ok
355,data/images/stl10/airplane/airplane_0040.jpg,airplane,354,ok
356,data/images/stl10/ship/ship_0038.jpg,ship,355,ok
357,data/images/stl10/ship/ship_0039.jpg,ship,356,ok
358,data/images/stl10/horse/horse_0036.jpg,horse,357,ok
359,data/images/stl10/horse/horse_0037.jpg,horse,358,ok
360,data/images/stl10/deer/deer_0037.jpg,deer,359,ok
361,data/images/stl10/horse/horse_0038.jpg,horse,360,ok
362,data/images/stl10/truck/truck_0026.jpg,truck,361,ok
363,data/images/stl10/deer/deer_0038.jpg,deer,362,ok
364,data/images/stl10/monkey/monkey_0039.jpg,monkey,363,ok
365,data/images/stl10/ship/ship_0040.jpg,ship,364,ok
366,data/images/stl10/dog/dog_0041.jpg,dog,365,ok
367,data/images/stl10/dog/dog_0042.jpg,dog,366,ok
368,data/images/stl10/monkey/monkey_0040.jpg,monkey,367,ok
369,data/images/stl10/airplane/airplane_0041.jpg,airplane,368,ok
370,data/images/stl10/bird/bird_0038.jpg,bird,369,ok
371,data/images/stl10/ship/ship_0041.jpg,ship,370,ok
372,data/images/stl10/ship/ship_0042.jpg,ship,371,ok
373,data/images/stl10/bird/bird_0039.jpg,bird,372,ok
374,data/images/stl10/bird/bird_0040.jpg,bird,373,ok
375,data/images/stl10/car/car_0038.jpg,car,374,ok
376,data/images/stl10/ship/ship_0043.jpg,ship,375,ok
377,data/images/stl10/deer/deer_0039.jpg,deer,376,ok
378,data/images/stl10/cat/cat_0031.jpg,cat,377,ok
379,data/images/stl10/dog/dog_0043.jpg,dog,378,ok
380,data/images/stl10/monkey/monkey_0041.jpg,monkey,379,ok
381,data/images/stl10/bird/bird_0041.jpg,bird,380,ok
382,data/images/stl10/truck/truck_0027.jpg,truck,381,ok
383,data/images/stl10/deer/deer_0040.jpg,deer,382,ok
384,data/images/stl10/dog/dog_0044.jpg,dog,383,ok
385,data/images/stl10/bird/bird_0042.jpg,bird,384,ok
386,data/images/stl10/horse/horse_0039.jpg,horse,385,ok
387,data/images/stl10/horse/horse_0040.jpg,horse,386,ok
388,data/images/stl10/horse/horse_0041.jpg,horse,387,ok
389,data/images/stl10/deer/deer_0041.jpg,deer,388,ok
390,data/images/stl10/monkey/monkey_0042.jpg,monkey,389,ok
391,data/images/stl10/horse/horse_0042.jpg,horse,390,ok
392,data/images/stl10/airplane/airplane_0042.jpg,airplane,391,ok
393,data/images/stl10/ship/ship_0044.jpg,ship,392,ok
394,data/images/stl10/dog/dog_0045.jpg,dog,393,ok
395,data/images/stl10/deer/deer_0042.jpg,deer,394,ok
396,data/images/stl10/ship/ship_0045.jpg,ship,395,ok
397,data/images/stl10/truck/truck_0028.jpg,truck,396,ok
398,data/images/stl10/airplane/airplane_0043.jpg,airplane,397,ok
399,data/images/stl10/car/car_0039.jpg,car,398,ok
400,data/images/stl10/horse/horse_0043.jpg,horse,399,ok
401,data/images/stl10/car/car_0040.jpg,car,400,ok
402,data/images/stl10/monkey/monkey_0043.jpg,monkey,401,ok
403,data/images/stl10/deer/deer_0043.jpg,deer,402,ok
404,data/images/stl10/truck/truck_0029.jpg,truck,403,ok
405,data/images/stl10/monkey/monkey_0044.jpg,monkey,404,ok
406,data/images/stl10/horse/horse_0044.jpg,horse,405,ok
407,data/images/stl10/cat/cat_0032.jpg,cat,406,ok
408,data/images/stl10/dog/dog_0046.jpg,dog,407,ok
409,data/images/stl10/airplane/airplane_0044.jpg,airplane,408,ok
410,data/images/stl10/dog/dog_0047.jpg,dog,409,ok
411,data/images/stl10/deer/deer_0044.jpg,deer,410,ok
412,data/images/stl10/monkey/monkey_0045.jpg,monkey,411,ok
413,data/images/stl10/airplane/airplane_0045.jpg,airplane,412,ok
414,data/images/stl10/monkey/monkey_0046.jpg,monkey,413,ok
415,data/images/stl10/truck/truck_0030.jpg,truck,414,ok
416,data/images/stl10/horse/horse_0045.jpg,horse,415,ok
417,data/images/stl10/bird/bird_0043.jpg,bird,416,ok
418,data/images/stl10/ship/ship_0046.jpg,ship,417,ok
419,data/images/stl10/car/car_0041.jpg,car,418,ok
420,data/images/stl10/car/car_0042.jpg,car,419,ok
421,data/images/stl10/car/car_0043.jpg,car,420,ok
422,data/images/stl10/bird/bird_0044.jpg,bird,421,ok
423,data/images/stl10/airplane/airplane_0046.jpg,airplane,422,ok
424,data/images/stl10/truck/truck_0031.jpg,truck,423,ok
425,data/images/stl10/dog/dog_0048.jpg,dog,424,ok
426,data/images/stl10/bird/bird_0045.jpg,bird,425,ok
427,data/images/stl10/truck/truck_0032.jpg,truck,426,ok
428,data/images/stl10/car/car_0044.jpg,car,427,ok
429,data/images/stl10/monkey/monkey_0047.jpg,monkey,428,ok
430,data/images/stl10/car/car_0045.jpg,car,429,ok
431,data/images/stl10/airplane/airplane_0047.jpg,airplane,430,ok
432,data/images/stl10/truck/truck_0033.jpg,truck,431,ok
433,data/images/stl10/bird/bird_0046.jpg,bird,432,ok
434,data/images/stl10/horse/horse_0046.jpg,horse,433,ok
435,data/images/stl10/deer/deer_0045.jpg,deer,434,ok
436,data/images/stl10/dog/dog_0049.jpg,dog,435,ok
437,data/images/stl10/dog/dog_0050.jpg,dog,436,ok
438,data/images/stl10/airplane/airplane_0048.jpg,airplane,437,ok
439,data/images/stl10/horse/horse_0047.jpg,horse,438,ok
440,data/images/stl10/car/car_0046.jpg,car,439,ok
441,data/images/stl10/monkey/monkey_0048.jpg,monkey,440,ok
442,data/images/stl10/car/car_0047.jpg,car,441,ok
443,data/images/stl10/cat/cat_0033.jpg,cat,442,ok
444,data/images/stl10/car/car_0048.jpg,car,443,ok
445,data/images/stl10/airplane/airplane_0049.jpg,airplane,444,ok
446,data/images/stl10/dog/dog_0051.jpg,dog,445,ok
447,data/images/stl10/ship/ship_0047.jpg,ship,446,ok
448,data/images/stl10/monkey/monkey_0049.jpg,monkey,447,ok
449,data/images/stl10/ship/ship_0048.jpg,ship,448,ok
450,data/images/stl10/ship/ship_0049.jpg,ship,449,ok
451,data/images/stl10/dog/dog_0052.jpg,dog,450,ok
452,data/images/stl10/dog/dog_0053.jpg,dog,451,ok
453,data/images/stl10/dog/dog_0054.jpg,dog,452,ok
454,data/images/stl10/ship/ship_0050.jpg,ship,453,ok
455,data/images/stl10/monkey/monkey_0050.jpg,monkey,454,ok
456,data/images/stl10/cat/cat_0034.jpg,cat,455,ok
457,data/images/stl10/truck/truck_0034.jpg,truck,456,ok
458,data/images/stl10/bird/bird_0047.jpg,bird,457,ok
459,data/images/stl10/truck/truck_0035.jpg,truck,458,ok
460,data/images/stl10/bird/bird_0048.jpg,bird,459,ok
461,data/images/stl10/airplane/airplane_0050.jpg,airplane,460,ok
462,data/images/stl10/horse/horse_0048.jpg,horse,461,ok
463,data/images/stl10/cat/cat_0035.jpg,cat,462,ok
464,data/images/stl10/horse/horse_0049.jpg,horse,463,ok
465,data/images/stl10/bird/bird_0049.jpg,bird,464,ok
466,data/images/stl10/horse/horse_0050.jpg,horse,465,ok
467,data/images/stl10/airplane/airplane_0051.jpg,airplane,466,ok
468,data/images/stl10/dog/dog_0055.jpg,dog,467,ok
469,data/images/stl10/car/car_0049.jpg,car,468,ok
470,data/images/stl10/monkey/monkey_0051.jpg,monkey,469,ok
471,data/images/stl10/monkey/monkey_0052.jpg,monkey,470,ok
472,data/images/stl10/bird/bird_0050.jpg,bird,471,ok
473,data/images/stl10/ship/ship_0051.jpg,ship,472,ok
474,data/images/stl10/horse/horse_0051.jpg,horse,473,ok
475,data/images/stl10/monkey/monkey_0053.jpg,monkey,474,ok
476,data/images/stl10/horse/horse_0052.jpg,horse,475,ok
477,data/images/stl10/cat/cat_0036.jpg,cat,476,ok
478,data/images/stl10/monkey/monkey_0054.jpg,monkey,477,ok
479,data/images/stl10/airplane/airplane_0052.jpg,airplane,478,ok
480,data/images/stl10/truck/truck_0036.jpg,truck,479,ok
481,data/images/stl10/bird/bird_0051.jpg,bird,480,ok
482,data/images/stl10/ship/ship_0052.jpg,ship,481,ok
483,data/images/stl10/dog/dog_0056.jpg,dog,482,ok
484,data/images/stl10/ship/ship_0053.jpg,ship,483,ok
485,data/images/stl10/ship/ship_0054.jpg,ship,484,ok
486,data/images/stl10/truck/truck_0037.jpg,truck,485,ok
487,data/images/stl10/deer/deer_0046.jpg,deer,486,ok
488,data/images/stl10/airplane/airplane_0053.jpg,airplane,487,ok
489,data/images/stl10/truck/truck_0038.jpg,truck,488,ok
490,data/images/stl10/bird/bird_0052.jpg,bird,489,ok
491,data/images/stl10/dog/dog_0057.jpg,dog,490,ok
492,data/images/stl10/car/car_0050.jpg,car,491,ok
493,data/images/stl10/deer/deer_0047.jpg,deer,492,ok
494,data/images/stl10/cat/cat_0037.jpg,cat,493,ok
495,data/images/stl10/monkey/monkey_0055.jpg,monkey,494,ok
496,data/images/stl10/dog/dog_0058.jpg,dog,495,ok
497,data/images/stl10/bird/bird_0053.jpg,bird,496,ok
498,data/images/stl10/horse/horse_0053.jpg,horse,497,ok
499,data/images/stl10/car/car_0051.jpg,car,498,ok
500,data/images/stl10/deer/deer_0048.jpg,deer,499,ok
501,data/images/stl10/dog/dog_0059.jpg,dog,500,ok
502,data/images/stl10/ship/ship_0055.jpg,ship,501,ok
503,data/images/stl10/car/car_0052.jpg,car,502,ok
504,data/images/stl10/car/car_0053.jpg,car,503,ok
505,data/images/stl10/truck/truck_0039.jpg,truck,504,ok
506,data/images/stl10/cat/cat_0038.jpg,cat,505,ok
507,data/images/stl10/cat/cat_0039.jpg,cat,506,ok
508,data/images/stl10/monkey/monkey_0056.jpg,monkey,507,ok
509,data/images/stl10/dog/dog_0060.jpg,dog,508,ok
510,data/images/stl10/car/car_0054.jpg,car,509,ok
511,data/images/stl10/cat/cat_0040.jpg,cat,510,ok
512,data/images/stl10/ship/ship_0056.jpg,ship,511,ok
513,data/images/stl10/car/car_0055.jpg,car,512,ok
514,data/images/stl10/car/car_0056.jpg,car,513,ok
515,data/images/stl10/truck/truck_0040.jpg,truck,514,ok
516,data/images/stl10/truck/truck_0041.jpg,truck,515,ok
517,data/images/stl10/airplane/airplane_0054.jpg,airplane,516,ok
518,data/images/stl10/cat/cat_0041.jpg,cat,517,ok
519,data/images/stl10/truck/truck_0042.jpg,truck,518,ok
520,data/images/stl10/truck/truck_0043.jpg,truck,519,ok
521,data/images/stl10/dog/dog_0061.jpg,dog,520,ok
522,data/images/stl10/car/car_0057.jpg,car,521,ok
523,data/images/stl10/airplane/airplane_0055.jpg,airplane,522,ok
524,data/images/stl10/dog/dog_0062.jpg,dog,523,ok
525,data/images/stl10/bird/bird_0054.jpg,bird,524,ok
526,data/images/stl10/truck/truck_0044.jpg,truck,525,ok
527,data/images/stl10/dog/dog_0063.jpg,dog,526,ok
528,data/images/stl10/cat/cat_0042.jpg,cat,527,ok
529,data/images/stl10/horse/horse_0054.jpg,horse,528,ok
530,data/images/stl10/cat/cat_0043.jpg,cat,529,ok
531,data/images/stl10/ship/ship_0057.jpg,ship,530,ok
532,data/images/stl10/bird/bird_0055.jpg,bird,531,ok
533,data/images/stl10/cat/cat_0044.jpg,cat,532,ok
534,data/images/stl10/ship/ship_0058.jpg,ship,533,ok
535,data/images/stl10/deer/deer_0049.jpg,deer,534,ok
536,data/images/stl10/dog/dog_0064.jpg,dog,535,ok
537,data/images/stl10/ship/ship_0059.jpg,ship,536,ok
538,data/images/stl10/ship/ship_0060.jpg,ship,537,ok
539,data/images/stl10/horse/horse_0055.jpg,horse,538,ok
540,data/images/stl10/truck/truck_0045.jpg,truck,539,ok
541,data/images/stl10/monkey/monkey_0057.jpg,monkey,540,ok
542,data/images/stl10/bird/bird_0056.jpg,bird,541,ok
543,data/images/stl10/truck/truck_0046.jpg,truck,542,ok
544,data/images/stl10/car/car_0058.jpg,car,543,ok
545,data/images/stl10/deer/deer_0050.jpg,deer,544,ok
546,data/images/stl10/bird/bird_0057.jpg,bird,545,ok
547,data/images/stl10/bird/bird_0058.jpg,bird,546,ok
548,data/images/stl10/horse/horse_0056.jpg,horse,547,ok
549,data/images/stl10/car/car_0059.jpg,car,548,ok
550,data/images/stl10/horse/horse_0057.jpg,horse,549,ok
551,data/images/stl10/monkey/monkey_0058.jpg,monkey,550,ok
552,data/images/stl10/horse/horse_0058.jpg,horse,551,ok
553,data/images/stl10/monkey/monkey_0059.jpg,monkey,552,ok
554,data/images/stl10/airplane/airplane_0056.jpg,airplane,553,ok
555,data/images/stl10/bird/bird_0059.jpg,bird,554,ok
556,data/images/stl10/bird/bird_0060.jpg,bird,555,ok
557,data/images/stl10/deer/deer_0051.jpg,deer,556,ok
558,data/images/stl10/bird/bird_0061.jpg,bird,557,ok
559,data/images/stl10/airplane/airplane_0057.jpg,airplane,558,ok
560,data/images/stl10/truck/truck_0047.jpg,truck,559,ok
561,data/images/stl10/ship/ship_0061.jpg,ship,560,ok
562,data/images/stl10/monkey/monkey_0060.jpg,monkey,561,ok
563,data/images/stl10/airplane/airplane_0058.jpg,airplane,562,ok
564,data/images/stl10/car/car_0060.jpg,car,563,ok
565,data/images/stl10/car/car_0061.jpg,car,564,ok
566,data/images/stl10/truck/truck_0048.jpg,truck,565,ok
567,data/images/stl10/monkey/monkey_0061.jpg,monkey,566,ok
568,data/images/stl10/bird/bird_0062.jpg,bird,567,ok
569,data/images/stl10/bird/bird_0063.jpg,bird,568,ok
570,data/images/stl10/dog/dog_0065.jpg,dog,569,ok
571,data/images/stl10/horse/horse_0059.jpg,horse,570,ok
572,data/images/stl10/truck/truck_0049.jpg,truck,571,ok
573,data/images/stl10/dog/dog_0066.jpg,dog,572,ok
574,data/images/stl10/truck/truck_0050.jpg,truck,573,ok
575,data/images/stl10/airplane/airplane_0059.jpg,airplane,574,ok
576,data/images/stl10/truck/truck_0051.jpg,truck,575,ok
577,data/images/stl10/car/car_0062.jpg,car,576,ok
578,data/images/stl10/airplane/airplane_0060.jpg,airplane,577,ok
579,data/images/stl10/deer/deer_0052.jpg,deer,578,ok
580,data/images/stl10/airplane/airplane_0061.jpg,airplane,579,ok
581,data/images/stl10/dog/dog_0067.jpg,dog,580,ok
582,data/images/stl10/car/car_0063.jpg,car,581,ok
583,data/images/stl10/monkey/monkey_0062.jpg,monkey,582,ok
584,data/images/stl10/cat/cat_0045.jpg,cat,583,ok
585,data/images/stl10/cat/cat_0046.jpg,cat,584,ok
586,data/images/stl10/airplane/airplane_0062.jpg,airplane,585,ok
587,data/images/stl10/ship/ship_0062.jpg,ship,586,ok
588,data/images/stl10/ship/ship_0063.jpg,ship,587,ok
589,data/images/stl10/cat/cat_0047.jpg,cat,588,ok
590,data/images/stl10/horse/horse_0060.jpg,horse,589,ok
591,data/images/stl10/airplane/airplane_0063.jpg,airplane,590,ok
592,data/images/stl10/car/car_0064.jpg,car,591,ok
593,data/images/stl10/airplane/airplane_0064.jpg,airplane,592,ok
594,data/images/stl10/monkey/monkey_0063.jpg,monkey,593,ok
595,data/images/stl10/cat/cat_0048.jpg,cat,594,ok
596,data/images/stl10/car/car_0065.jpg,car,595,ok
597,data/images/stl10/bird/bird_0064.jpg,bird,596,ok
598,data/images/stl10/cat/cat_0049.jpg,cat,597,ok
599,data/images/stl10/car/car_0066.jpg,car,598,ok
600,data/images/stl10/cat/cat_0050.jpg,cat,599,ok
601,data/images/stl10/ship/ship_0064.jpg,ship,600,ok
602,data/images/stl10/dog/dog_0068.jpg,dog,601,ok
603,data/images/stl10/horse/horse_0061.jpg,horse,602,ok
604,data/images/stl10/horse/horse_0062.jpg,horse,603,ok
605,data/images/stl10/dog/dog_0069.jpg,dog,604,ok
606,data/images/stl10/horse/horse_0063.jpg,horse,605,ok
607,data/images/stl10/airplane/airplane_0065.jpg,airplane,606,ok
608,data/images/stl10/ship/ship_0065.jpg,ship,607,ok
609,data/images/stl10/deer/deer_0053.jpg,deer,608,ok
610,data/images/stl10/truck/truck_0052.jpg,truck,609,ok
611,data/images/stl10/car/car_0067.jpg,car,610,ok
612,data/images/stl10/ship/ship_0066.jpg,ship,611,ok
613,data/images/stl10/truck/truck_0053.jpg,truck,612,ok
614,data/images/stl10/truck/truck_0054.jpg,truck,613,ok
615,data/images/stl10/bird/bird_0065.jpg,bird,614,ok
616,data/images/stl10/airplane/airplane_0066.jpg,airplane,615,ok
617,data/images/stl10/bird/bird_0066.jpg,bird,616,ok
618,data/images/stl10/dog/dog_0070.jpg,dog,617,ok
619,data/images/stl10/dog/dog_0071.jpg,dog,618,ok
620,data/images/stl10/deer/deer_0054.jpg,deer,619,ok
621,data/images/stl10/deer/deer_0055.jpg,deer,620,ok
622,data/images/stl10/cat/cat_0051.jpg,cat,621,ok
623,data/images/stl10/airplane/airplane_0067.jpg,airplane,622,ok
624,data/images/stl10/deer/deer_0056.jpg,deer,623,ok
625,data/images/stl10/dog/dog_0072.jpg,dog,624,ok
626,data/images/stl10/horse/horse_0064.jpg,horse,625,ok
627,data/images/stl10/deer/deer_0057.jpg,deer,626,ok
628,data/images/stl10/car/car_0068.jpg,car,627,ok
629,data/images/stl10/bird/bird_0067.jpg,bird,628,ok
630,data/images/stl10/car/car_0069.jpg,car,629,ok
631,data/images/stl10/truck/truck_0055.jpg,truck,630,ok
632,data/images/stl10/airplane/airplane_0068.jpg,airplane,631,ok
633,data/images/stl10/horse/horse_0065.jpg,horse,632,ok
634,data/images/stl10/monkey/monkey_0064.jpg,monkey,633,ok
635,data/images/stl10/monkey/monkey_0065.jpg,monkey,634,ok
636,data/images/stl10/dog/dog_0073.jpg,dog,635,ok
637,data/images/stl10/bird/bird_0068.jpg,bird,636,ok
638,data/images/stl10/car/car_0070.jpg,car,637,ok
639,data/images/stl10/cat/cat_0052.jpg,cat,638,ok
640,data/images/stl10/horse/horse_0066.jpg,horse,639,ok
641,data/images/stl10/bird/bird_0069.jpg,bird,640,ok
642,data/images/stl10/bird/bird_0070.jpg,bird,641,ok
643,data/images/stl10/horse/horse_0067.jpg,horse,642,ok
644,data/images/stl10/airplane/airplane_0069.jpg,airplane,643,ok
645,data/images/stl10/truck/truck_0056.jpg,truck,644,ok
646,data/images/stl10/deer/deer_0058.jpg,deer,645,ok
647,data/images/stl10/airplane/airplane_0070.jpg,airplane,646,ok
648,data/images/stl10/truck/truck_0057.jpg,truck,647,ok
649,data/images/stl10/car/car_0071.jpg,car,648,ok
650,data/images/stl10/bird/bird_0071.jpg,bird,649,ok
651,data/images/stl10/bird/bird_0072.jpg,bird,650,ok
652,data/images/stl10/airplane/airplane_0071.jpg,airplane,651,ok
653,data/images/stl10/ship/ship_0067.jpg,ship,652,ok
654,data/images/stl10/horse/horse_0068.jpg,horse,653,ok
655,data/images/stl10/truck/truck_0058.jpg,truck,654,ok
656,data/images/stl10/dog/dog_0074.jpg,dog,655,ok
657,data/images/stl10/bird/bird_0073.jpg,bird,656,ok
658,data/images/stl10/cat/cat_0053.jpg,cat,657,ok
659,data/images/stl10/deer/deer_0059.jpg,deer,658,ok
660,data/images/stl10/deer/deer_0060.jpg,deer,659,ok
661,data/images/stl10/truck/truck_0059.jpg,truck,660,ok
662,data/images/stl10/bird/bird_0074.jpg,bird,661,ok
663,data/images/stl10/truck/truck_0060.jpg,truck,662,ok
664,data/images/stl10/cat/cat_0054.jpg,cat,663,ok
665,data/images/stl10/bird/bird_0075.jpg,bird,664,ok
666,data/images/stl10/cat/cat_0055.jpg,cat,665,ok
667,data/images/stl10/ship/ship_0068.jpg,ship,666,ok
668,data/images/stl10/car/car_0072.jpg,car,667,ok
669,data/images/stl10/truck/truck_0061.jpg,truck,668,ok
670,data/images/stl10/dog/dog_0075.jpg,dog,669,ok
671,data/images/stl10/cat/cat_0056.jpg,cat,670,ok
672,data/images/stl10/ship/ship_0069.jpg,ship,671,ok
673,data/images/stl10/monkey/monkey_0066.jpg,monkey,672,ok
674,data/images/stl10/car/car_0073.jpg,car,673,ok
675,data/images/stl10/ship/ship_0070.jpg,ship,674,ok
676,data/images/stl10/car/car_0074.jpg,car,675,ok
677,data/images/stl10/airplane/airplane_0072.jpg,airplane,676,ok
678,data/images/stl10/horse/horse_0069.jpg,horse,677,ok
679,data/images/stl10/horse/horse_0070.jpg,horse,678,ok
680,data/images/stl10/cat/cat_0057.jpg,cat,679,ok
681,data/images/stl10/deer/deer_0061.jpg,deer,680,ok
682,data/images/stl10/bird/bird_0076.jpg,bird,681,ok
683,data/images/stl10/car/car_0075.jpg,car,682,ok
684,data/images/stl10/monkey/monkey_0067.jpg,monkey,683,ok
685,data/images/stl10/cat/cat_0058.jpg,cat,684,ok
686,data/images/stl10/monkey/monkey_0068.jpg,monkey,685,ok
687,data/images/stl10/airplane/airplane_0073.jpg,airplane,686,ok
688,data/images/stl10/car/car_0076.jpg,car,687,ok
689,data/images/stl10/truck/truck_0062.jpg,truck,688,ok
690,data/images/stl10/airplane/airplane_0074.jpg,airplane,689,ok
691,data/images/stl10/dog/dog_0076.jpg,dog,690,ok
692,data/images/stl10/dog/dog_0077.jpg,dog,691,ok
693,data/images/stl10/horse/horse_0071.jpg,horse,692,ok
694,data/images/stl10/ship/ship_0071.jpg,ship,693,ok
695,data/images/stl10/airplane/airplane_0075.jpg,airplane,694,ok
696,data/images/stl10/airplane/airplane_0076.jpg,airplane,695,ok
697,data/images/stl10/bird/bird_0077.jpg,bird,696,ok
698,data/images/stl10/bird/bird_0078.jpg,bird,697,ok
699,data/images/stl10/monkey/monkey_0069.jpg,monkey,698,ok
700,data/images/stl10/deer/deer_0062.jpg,deer,699,ok
701,data/images/stl10/truck/truck_0063.jpg,truck,700,ok
702,data/images/stl10/horse/horse_0072.jpg,horse,701,ok
703,data/images/stl10/monkey/monkey_0070.jpg,monkey,702,ok
704,data/images/stl10/deer/deer_0063.jpg,deer,703,ok
705,data/images/stl10/truck/truck_0064.jpg,truck,704,ok
706,data/images/stl10/truck/truck_0065.jpg,truck,705,ok
707,data/images/stl10/car/car_0077.jpg,car,706,ok
708,data/images/stl10/monkey/monkey_0071.jpg,monkey,707,ok
709,data/images/stl10/airplane/airplane_0077.jpg,airplane,708,ok
710,data/images/stl10/dog/dog_0078.jpg,dog,709,ok
711,data/images/stl10/deer/deer_0064.jpg,deer,710,ok
712,data/images/stl10/airplane/airplane_0078.jpg,airplane,711,ok
713,data/images/stl10/car/car_0078.jpg,car,712,ok
714,data/images/stl10/monkey/monkey_0072.jpg,monkey,713,ok
715,data/images/stl10/truck/truck_0066.jpg,truck,714,ok
716,data/images/stl10/dog/dog_0079.jpg,dog,715,ok
717,data/images/stl10/deer/deer_0065.jpg,deer,716,ok
718,data/images/stl10/deer/deer_0066.jpg,deer,717,ok
719,data/images/stl10/ship/ship_0072.jpg,ship,718,ok
720,data/images/stl10/airplane/airplane_0079.jpg,airplane,719,ok
721,data/images/stl10/dog/dog_0080.jpg,dog,720,ok
722,data/images/stl10/horse/horse_0073.jpg,horse,721,ok
723,data/images/stl10/deer/deer_0067.jpg,deer,722,ok
724,data/images/stl10/ship/ship_0073.jpg,ship,723,ok
725,data/images/stl10/bird/bird_0079.jpg,bird,724,ok
726,data/images/stl10/car/car_0079.jpg,car,725,ok
727,data/images/stl10/airplane/airplane_0080.jpg,airplane,726,ok
728,data/images/stl10/truck/truck_0067.jpg,truck,727,ok
729,data/images/stl10/cat/cat_0059.jpg,cat,728,ok
730,data/images/stl10/bird/bird_0080.jpg,bird,729,ok
731,data/images/stl10/airplane/airplane_0081.jpg,airplane,730,ok
732,data/images/stl10/ship/ship_0074.jpg,ship,731,ok
733,data/images/stl10/car/car_0080.jpg,car,732,ok
734,data/images/stl10/airplane/airplane_0082.jpg,airplane,733,ok
735,data/images/stl10/monkey/monkey_0073.jpg,monkey,734,ok
736,data/images/stl10/deer/deer_0068.jpg,deer,735,ok
737,data/images/stl10/airplane/airplane_0083.jpg,airplane,736,ok
738,data/images/stl10/deer/deer_0069.jpg,deer,737,ok
739,data/images/stl10/horse/horse_0074.jpg,horse,738,ok
740,data/images/stl10/cat/cat_0060.jpg,cat,739,ok
741,data/images/stl10/airplane/airplane_0084.jpg,airplane,740,ok
742,data/images/stl10/cat/cat_0061.jpg,cat,741,ok
743,data/images/stl10/deer/deer_0070.jpg,deer,742,ok
744,data/images/stl10/horse/horse_0075.jpg,horse,743,ok
745,data/images/stl10/airplane/airplane_0085.jpg,airplane,744,ok
746,data/images/stl10/monkey/monkey_0074.jpg,monkey,745,ok
747,data/images/stl10/dog/dog_0081.jpg,dog,746,ok
748,data/images/stl10/dog/dog_0082.jpg,dog,747,ok
749,data/images/stl10/airplane/airplane_0086.jpg,airplane,748,ok
750,data/images/stl10/dog/dog_0083.jpg,dog,749,ok
751,data/images/stl10/car/car_0081.jpg,car,750,ok
752,data/images/stl10/ship/ship_0075.jpg,ship,751,ok
753,data/images/stl10/horse/horse_0076.jpg,horse,752,ok
754,data/images/stl10/bird/bird_0081.jpg,bird,753,ok
755,data/images/stl10/ship/ship_0076.jpg,ship,754,ok
756,data/images/stl10/dog/dog_0084.jpg,dog,755,ok
757,data/images/stl10/monkey/monkey_0075.jpg,monkey,756,ok
758,data/images/stl10/cat/cat_0062.jpg,cat,757,ok
759,data/images/stl10/bird/bird_0082.jpg,bird,758,ok
760,data/images/stl10/cat/cat_0063.jpg,cat,759,ok
761,data/images/stl10/truck/truck_0068.jpg,truck,760,ok
762,data/images/stl10/horse/horse_0077.jpg,horse,761,ok
763,data/images/stl10/bird/bird_0083.jpg,bird,762,ok
764,data/images/stl10/monkey/monkey_0076.jpg,monkey,763,ok
765,data/images/stl10/monkey/monkey_0077.jpg,monkey,764,ok
766,data/images/stl10/deer/deer_0071.jpg,deer,765,ok
767,data/images/stl10/bird/bird_0084.jpg,bird,766,ok
768,data/images/stl10/car/car_0082.jpg,car,767,ok
769,data/images/stl10/airplane/airplane_0087.jpg,airplane,768,ok
770,data/images/stl10/monkey/monkey_0078.jpg,monkey,769,ok
771,data/images/stl10/car/car_0083.jpg,car,770,ok
772,data/images/stl10/monkey/monkey_0079.jpg,monkey,771,ok
773,data/images/stl10/car/car_0084.jpg,car,772,ok
774,data/images/stl10/monkey/monkey_0080.jpg,monkey,773,ok
775,data/images/stl10/monkey/monkey_0081.jpg,monkey,774,ok
776,data/images/stl10/dog/dog_0085.jpg,dog,775,ok
777,data/images/stl10/bird/bird_0085.jpg,bird,776,ok
778,data/images/stl10/cat/cat_0064.jpg,cat,777,ok
779,data/images/stl10/truck/truck_0069.jpg,truck,778,ok
780,data/images/stl10/airplane/airplane_0088.jpg,airplane,779,ok
781,data/images/stl10/bird/bird_0086.jpg,bird,780,ok
782,data/images/stl10/airplane/airplane_0089.jpg,airplane,781,ok
783,data/images/stl10/monkey/monkey_0082.jpg,monkey,782,ok
784,data/images/stl10/cat/cat_0065.jpg,cat,783,ok
785,data/images/stl10/truck/truck_0070.jpg,truck,784,ok
786,data/images/stl10/bird/bird_0087.jpg,bird,785,ok
787,data/images/stl10/car/car_0085.jpg,car,786,ok
788,data/images/stl10/car/car_0086.jpg,car,787,ok
789,data/images/stl10/deer/deer_0072.jpg,deer,788,ok
790,data/images/stl10/truck/truck_0071.jpg,truck,789,ok
791,data/images/stl10/ship/ship_0077.jpg,ship,790,ok
792,data/images/stl10/truck/truck_0072.jpg,truck,791,ok
793,data/images/stl10/deer/deer_0073.jpg,deer,792,ok
794,data/images/stl10/horse/horse_0078.jpg,horse,793,ok
795,data/images/stl10/cat/cat_0066.jpg,cat,794,ok
796,data/images/stl10/truck/truck_0073.jpg,truck,795,ok
797,data/images/stl10/dog/dog_0086.jpg,dog,796,ok
798,data/images/stl10/deer/deer_0074.jpg,deer,797,ok
799,data/images/stl10/cat/cat_0067.jpg,cat,798,ok
800,data/images/stl10/car/car_0087.jpg,car,799,ok
801,data/images/stl10/bird/bird_0088.jpg,bird,800,ok
802,data/images/stl10/monkey/monkey_0083.jpg,monkey,801,ok
803,data/images/stl10/cat/cat_0068.jpg,cat,802,ok
804,data/images/stl10/car/car_0088.jpg,car,803,ok
805,data/images/stl10/cat/cat_0069.jpg,cat,804,ok
806,data/images/stl10/monkey/monkey_0084.jpg,monkey,805,ok
807,data/images/stl10/bird/bird_0089.jpg,bird,806,ok
808,data/images/stl10/ship/ship_0078.jpg,ship,807,ok
809,data/images/stl10/cat/cat_0070.jpg,cat,808,ok
810,data/images/stl10/truck/truck_0074.jpg,truck,809,ok
811,data/images/stl10/cat/cat_0071.jpg,cat,810,ok
812,data/images/stl10/truck/truck_0075.jpg,truck,811,ok
813,data/images/stl10/ship/ship_0079.jpg,ship,812,ok
814,data/images/stl10/ship/ship_0080.jpg,ship,813,ok
815,data/images/stl10/airplane/airplane_0090.jpg,airplane,814,ok
816,data/images/stl10/monkey/monkey_0085.jpg,monkey,815,ok
817,data/images/stl10/monkey/monkey_0086.jpg,monkey,816,ok
818,data/images/stl10/bird/bird_0090.jpg,bird,817,ok
819,data/images/stl10/car/car_0089.jpg,car,818,ok
820,data/images/stl10/car/car_0090.jpg,car,819,ok
821,data/images/stl10/monkey/monkey_0087.jpg,monkey,820,ok
822,data/images/stl10/truck/truck_0076.jpg,truck,821,ok
823,data/images/stl10/ship/ship_0081.jpg,ship,822,ok
824,data/images/stl10/dog/dog_0087.jpg,dog,823,ok
825,data/images/stl10/truck/truck_0077.jpg,truck,824,ok
826,data/images/stl10/airplane/airplane_0091.jpg,airplane,825,ok
827,data/images/stl10/bird/bird_0091.jpg,bird,826,ok
828,data/images/stl10/car/car_0091.jpg,car,827,ok
829,data/images/stl10/dog/dog_0088.jpg,dog,828,ok
830,data/images/stl10/horse/horse_0079.jpg,horse,829,ok
831,data/images/stl10/cat/cat_0072.jpg,cat,830,ok
832,data/images/stl10/car/car_0092.jpg,car,831,ok
833,data/images/stl10/cat/cat_0073.jpg,cat,832,ok
834,data/images/stl10/cat/cat_0074.jpg,cat,833,ok
835,data/images/stl10/dog/dog_0089.jpg,dog,834,ok
836,data/images/stl10/bird/bird_0092.jpg,bird,835,ok
837,data/images/stl10/car/car_0093.jpg,car,836,ok
838,data/images/stl10/horse/horse_0080.jpg,horse,837,ok
839,data/images/stl10/bird/bird_0093.jpg,bird,838,ok
840,data/images/stl10/monkey/monkey_0088.jpg,monkey,839,ok
841,data/images/stl10/ship/ship_0082.jpg,ship,840,ok
842,data/images/stl10/monkey/monkey_0089.jpg,monkey,841,ok
843,data/images/stl10/deer/deer_0075.jpg,deer,842,ok
844,data/images/stl10/ship/ship_0083.jpg,ship,843,ok
845,data/images/stl10/horse/horse_0081.jpg,horse,844,ok
846,data/images/stl10/horse/horse_0082.jpg,horse,845,ok
847,data/images/stl10/cat/cat_0075.jpg,cat,846,ok
848,data/images/stl10/car/car_0094.jpg,car,847,ok
849,data/images/stl10/car/car_0095.jpg,car,848,ok
850,data/images/stl10/dog/dog_0090.jpg,dog,849,ok
851,data/images/stl10/cat/cat_0076.jpg,cat,850,ok
852,data/images/stl10/ship/ship_0084.jpg,ship,851,ok
853,data/images/stl10/cat/cat_0077.jpg,cat,852,ok
854,data/images/stl10/dog/dog_0091.jpg,dog,853,ok
855,data/images/stl10/truck/truck_0078.jpg,truck,854,ok
856,data/images/stl10/monkey/monkey_0090.jpg,monkey,855,ok
857,data/images/stl10/bird/bird_0094.jpg,bird,856,ok
858,data/images/stl10/ship/ship_0085.jpg,ship,857,ok
859,data/images/stl10/airplane/airplane_0092.jpg,airplane,858,ok
860,data/images/stl10/cat/cat_0078.jpg,cat,859,ok
861,data/images/stl10/horse/horse_0083.jpg,horse,860,ok
862,data/images/stl10/ship/ship_0086.jpg,ship,861,ok
863,data/images/stl10/horse/horse_0084.jpg,horse,862,ok
864,data/images/stl10/monkey/monkey_0091.jpg,monkey,863,ok
865,data/images/stl10/truck/truck_0079.jpg,truck,864,ok
866,data/images/stl10/bird/bird_0095.jpg,bird,865,ok
867,data/images/stl10/dog/dog_0092.jpg,dog,866,ok
868,data/images/stl10/dog/dog_0093.jpg,dog,867,ok
869,data/images/stl10/dog/dog_0094.jpg,dog,868,ok
870,data/images/stl10/monkey/monkey_0092.jpg,monkey,869,ok
871,data/images/stl10/horse/horse_0085.jpg,horse,870,ok
872,data/images/stl10/bird/bird_0096.jpg,bird,871,ok
873,data/images/stl10/bird/bird_0097.jpg,bird,872,ok
874,data/images/stl10/horse/horse_0086.jpg,horse,873,ok
875,data/images/stl10/monkey/monkey_0093.jpg,monkey,874,ok
876,data/images/stl10/bird/bird_0098.jpg,bird,875,ok
877,data/images/stl10/horse/horse_0087.jpg,horse,876,ok
878,data/images/stl10/bird/bird_0099.jpg,bird,877,ok
879,data/images/stl10/dog/dog_0095.jpg,dog,878,ok
880,data/images/stl10/car/car_0096.jpg,car,879,ok
881,data/images/stl10/monkey/monkey_0094.jpg,monkey,880,ok
882,data/images/stl10/dog/dog_0096.jpg,dog,881,ok
883,data/images/stl10/ship/ship_0087.jpg,ship,882,ok
884,data/images/stl10/ship/ship_0088.jpg,ship,883,ok
885,data/images/stl10/truck/truck_0080.jpg,truck,884,ok
886,data/images/stl10/airplane/airplane_0093.jpg,airplane,885,ok
887,data/images/stl10/bird/bird_0100.jpg,bird,886,ok
888,data/images/stl10/cat/cat_0079.jpg,cat,887,ok
889,data/images/stl10/dog/dog_0097.jpg,dog,888,ok
890,data/images/stl10/monkey/monkey_0095.jpg,monkey,889,ok
891,data/images/stl10/ship/ship_0089.jpg,ship,890,ok
892,data/images/stl10/car/car_0097.jpg,car,891,ok
893,data/images/stl10/dog/dog_0098.jpg,dog,892,ok
894,data/images/stl10/cat/cat_0080.jpg,cat,893,ok
895,data/images/stl10/airplane/airplane_0094.jpg,airplane,894,ok
896,data/images/stl10/horse/horse_0088.jpg,horse,895,ok
897,data/images/stl10/cat/cat_0081.jpg,cat,896,ok
898,data/images/stl10/ship/ship_0090.jpg,ship,897,ok
899,data/images/stl10/dog/dog_0099.jpg,dog,898,ok
900,data/images/stl10/cat/cat_0082.jpg,cat,899,ok
901,data/images/stl10/deer/deer_0076.jpg,deer,900,ok
902,data/images/stl10/cat/cat_0083.jpg,cat,901,ok
903,data/images/stl10/dog/dog_0100.jpg,dog,902,ok
904,data/images/stl10/car/car_0098.jpg,car,903,ok
905,data/images/stl10/deer/deer_0077.jpg,deer,904,ok
906,data/images/stl10/ship/ship_0091.jpg,ship,905,ok
907,data/images/stl10/car/car_0099.jpg,car,906,ok
908,data/images/stl10/airplane/airplane_0095.jpg,airplane,907,ok
909,data/images/stl10/horse/horse_0089.jpg,horse,908,ok
910,data/images/stl10/truck/truck_0081.jpg,truck,909,ok
911,data/images/stl10/ship/ship_0092.jpg,ship,910,ok
912,data/images/stl10/horse/horse_0090.jpg,horse,911,ok
913,data/images/stl10/truck/truck_0082.jpg,truck,912,ok
914,data/images/stl10/car/car_0100.jpg,car,913,ok
915,data/images/stl10/cat/cat_0084.jpg,cat,914,ok
916,data/images/stl10/cat/cat_0085.jpg,cat,915,ok
917,data/images/stl10/truck/truck_0083.jpg,truck,916,ok
918,data/images/stl10/ship/ship_0093.jpg,ship,917,ok
919,data/images/stl10/ship/ship_0094.jpg,ship,918,ok
920,data/images/stl10/horse/horse_0091.jpg,horse,919,ok
921,data/images/stl10/truck/truck_0084.jpg,truck,920,ok
922,data/images/stl10/airplane/airplane_0096.jpg,airplane,921,ok
923,data/images/stl10/airplane/airplane_0097.jpg,airplane,922,ok
924,data/images/stl10/horse/horse_0092.jpg,horse,923,ok
925,data/images/stl10/monkey/monkey_0096.jpg,monkey,924,ok
926,data/images/stl10/airplane/airplane_0098.jpg,airplane,925,ok
927,data/images/stl10/truck/truck_0085.jpg,truck,926,ok
928,data/images/stl10/truck/truck_0086.jpg,truck,927,ok
929,data/images/stl10/deer/deer_0078.jpg,deer,928,ok
930,data/images/stl10/horse/horse_0093.jpg,horse,929,ok
931,data/images/stl10/horse/horse_0094.jpg,horse,930,ok
932,data/images/stl10/truck/truck_0087.jpg,truck,931,ok
933,data/images/stl10/ship/ship_0095.jpg,ship,932,ok
934,data/images/stl10/monkey/monkey_0097.jpg,monkey,933,ok
935,data/images/stl10/ship/ship_0096.jpg,ship,934,ok
936,data/images/stl10/ship/ship_0097.jpg,ship,935,ok
937,data/images/stl10/horse/horse_0095.jpg,horse,936,ok
938,data/images/stl10/cat/cat_0086.jpg,cat,937,ok
939,data/images/stl10/cat/cat_0087.jpg,cat,938,ok
940,data/images/stl10/deer/deer_0079.jpg,deer,939,ok
941,data/images/stl10/cat/cat_0088.jpg,cat,940,ok
942,data/images/stl10/ship/ship_0098.jpg,ship,941,ok
943,data/images/stl10/truck/truck_0088.jpg,truck,942,ok
944,data/images/stl10/monkey/monkey_0098.jpg,monkey,943,ok
945,data/images/stl10/cat/cat_0089.jpg,cat,944,ok
946,data/images/stl10/airplane/airplane_0099.jpg,airplane,945,ok
947,data/images/stl10/deer/deer_0080.jpg,deer,946,ok
948,data/images/stl10/cat/cat_0090.jpg,cat,947,ok
949,data/images/stl10/deer/deer_0081.jpg,deer,948,ok
950,data/images/stl10/truck/truck_0089.jpg,truck,949,ok
951,data/images/stl10/cat/cat_0091.jpg,cat,950,ok
952,data/images/stl10/horse/horse_0096.jpg,horse,951,ok
953,data/images/stl10/horse/horse_0097.jpg,horse,952,ok
954,data/images/stl10/horse/horse_0098.jpg,horse,953,ok
955,data/images/stl10/ship/ship_0099.jpg,ship,954,ok
956,data/images/stl10/airplane/airplane_0100.jpg,airplane,955,ok
957,data/images/stl10/cat/cat_0092.jpg,cat,956,ok
958,data/images/stl10/monkey/monkey_0099.jpg,monkey,957,ok
959,data/images/stl10/ship/ship_0100.jpg,ship,958,ok
960,data/images/stl10/monkey/monkey_0100.jpg,monkey,959,ok
961,data/images/stl10/deer/deer_0082.jpg,deer,960,ok
962,data/images/stl10/deer/deer_0083.jpg,deer,961,ok
963,data/images/stl10/truck/truck_0090.jpg,truck,962,ok
964,data/images/stl10/truck/truck_0091.jpg,truck,963,ok
965,data/images/stl10/cat/cat_0093.jpg,cat,964,ok
966,data/images/stl10/truck/truck_0092.jpg,truck,965,ok
967,data/images/stl10/truck/truck_0093.jpg,truck,966,ok
968,data/images/stl10/cat/cat_0094.jpg,cat,967,ok
969,data/images/stl10/truck/truck_0094.jpg,truck,968,ok
970,data/images/stl10/truck/truck_0095.jpg,truck,969,ok
971,data/images/stl10/cat/cat_0095.jpg,cat,970,ok
972,data/images/stl10/deer/deer_0084.jpg,deer,971,ok
973,data/images/stl10/truck/truck_0096.jpg,truck,972,ok
974,data/images/stl10/horse/horse_0099.jpg,horse,973,ok
975,data/images/stl10/cat/cat_0096.jpg,cat,974,ok
976,data/images/stl10/truck/truck_0097.jpg,truck,975,ok
977,data/images/stl10/cat/cat_0097.jpg,cat,976,ok
978,data/images/stl10/truck/truck_0098.jpg,truck,977,ok
979,data/images/stl10/horse/horse_0100.jpg,horse,978,ok
980,data/images/stl10/truck/truck_0099.jpg,truck,979,ok
981,data/images/stl10/deer/deer_0085.jpg,deer,980,ok
982,data/images/stl10/cat/cat_0098.jpg,cat,981,ok
983,data/images/stl10/truck/truck_0100.jpg,truck,982,ok
984,data/images/stl10/cat/cat_0099.jpg,cat,983,ok
985,data/images/stl10/cat/cat_0100.jpg,cat,984,ok
986,data/images/stl10/deer/deer_0086.jpg,deer,985,ok
987,data/images/stl10/deer/deer_0087.jpg,deer,986,ok
988,data/images/stl10/deer/deer_0088.jpg,deer,987,ok
989,data/images/stl10/deer/deer_0089.jpg,deer,988,ok
990,data/images/stl10/deer/deer_0090.jpg,deer,989,ok
991,data/images/stl10/deer/deer_0091.jpg,deer,990,ok
992,data/images/stl10/deer/deer_0092.jpg,deer,991,ok
993,data/images/stl10/deer/deer_0093.jpg,deer,992,ok
994,data/images/stl10/deer/deer_0094.jpg,deer,993,ok
995,data/images/stl10/deer/deer_0095.jpg,deer,994,ok
996,data/images/stl10/deer/deer_0096.jpg,deer,995,ok
997,data/images/stl10/deer/deer_0097.jpg,deer,996,ok
998,data/images/stl10/deer/deer_0098.jpg,deer,997,ok
999,data/images/stl10/deer/deer_0099.jpg,deer,998,ok
1000,data/images/stl10/deer/deer_0100.jpg,deer,999,ok
